# OBJ generated by ONSHAPE BY PTC INC, 1.205 Units = meters
g Hard_Track
v 0.653494 0.157157 4.06576e-19 
v 0.656911 0.156933 0 
v 0.656911 0.156933 0.0002 
v 0.645124 0.15725 0.0002 
v 0.645124 0.15725 2.71051e-20 
v 0.636922 0.156698 0.0002 
v 0.636922 0.156698 0 
v 0.628937 0.155517 0.0002 
v 0.628937 0.155517 0 
v 0.621209 0.153724 0.0002 
v 0.621209 0.153724 2.71051e-20 
v 0.613774 0.151338 0.0002 
v 0.613774 0.151338 -2.71051e-20 
v 0.606657 0.148375 0.0002 
v 0.606657 0.148375 -2.71051e-20 
v 0.59988 0.14485 0.0002 
v 0.59988 0.14485 0 
v 0.593499 0.1408 0.0002 
v 0.593499 0.1408 0 
v 0.587441 0.136176 0.0002 
v 0.587441 0.136176 2.71051e-20 
v 0.581756 0.130997 0.0002 
v 0.581756 0.130997 2.71051e-20 
v 0.576451 0.125249 0.0002 
v 0.576451 0.125249 0 
v 0.571528 0.118903 0.0002 
v 0.571528 0.118903 2.71051e-20 
v 0.566987 0.111908 0.0002 
v 0.566987 0.111908 2.71051e-20 
v 0.562828 0.104185 0.0002 
v 0.562828 0.104185 0 
v 0.559212 0.0960229 0.0002 
v 0.559212 0.0960229 0 
v 0.556195 0.0877152 0.0002 
v 0.556195 0.0877152 0 
v 0.553494 0.0785766 0.0002 
v 0.553494 0.0785766 -2.71051e-20 
v 0.55107 0.0683736 0.0002 
v 0.55107 0.0683736 2.71051e-20 
v 0.54871 0.0559897 0.0002 
v 0.54871 0.0559897 0 
v 0.546235 0.0409577 0.0002 
v 0.546235 0.0409577 2.71051e-20 
v 0.543929 0.028162 0.0002 
v 0.543929 0.028162 -2.71051e-20 
v 0.542116 0.0202923 0.0002 
v 0.542116 0.0202923 0 
v 0.540135 0.0136175 0.0002 
v 0.540135 0.0136175 2.71051e-20 
v 0.537903 0.00778431 0.0002 
v 0.537903 0.00778431 0 
v 0.535491 0.00283599 0.0002 
v 0.535491 0.00283599 0 
v 0.532846 -0.00150882 0.0002 
v 0.532846 -0.00150882 2.71051e-20 
v 0.529753 -0.0056082 0.0002 
v 0.529753 -0.0056082 0 
v 0.526207 -0.00941077 0.0002 
v 0.526207 -0.00941077 0 
v 0.52185 -0.0131798 0.0002 
v 0.52185 -0.0131798 -1.35525e-19 
v 0.516742 -0.0167209 0.0002 
v 0.516742 -0.0167209 0 
v 0.510715 -0.0200619 0.0002 
v 0.510715 -0.0200619 0 
v 0.503552 -0.0232187 0.0002 
v 0.503552 -0.0232187 0 
v 0.494974 -0.0261972 0.0002 
v 0.494974 -0.0261972 -2.71051e-20 
v 0.484616 -0.028996 0.0002 
v 0.484616 -0.028996 -1.0842e-19 
v 0.472019 -0.0316015 0.0002 
v 0.472019 -0.0316015 0 
v 0.458272 -0.0337657 0.0002 
v 0.458272 -0.0337657 0 
v 0.441658 -0.0357401 0.0002 
v 0.441658 -0.0357401 4.06576e-19 
v 0.419652 -0.037635 0.0002 
v 0.419652 -0.037635 0 
v 0.653494 0.157157 0.0002 
v 0.656911 0.0678922 0 
v 0.656911 0.0678922 0.0002 
v 0.661911 0.0678922 0 
v 0.661911 0.0678922 0.0002 
v 0.661911 0.156416 0 
v 0.661911 0.156416 0.0002 
v 0.0851932 -0.396677 0.0002 
v 0.0851932 -0.396677 0 
v 0.0819837 -0.403266 0 
v 0.089071 -0.387636 0.0002 
v 0.089071 -0.387636 5.42101e-20 
v 0.092436 -0.378429 0.0002 
v 0.092436 -0.378429 0 
v 0.0953062 -0.369201 0.0002 
v 0.0953062 -0.369201 0 
v 0.0987134 -0.356634 0.0002 
v 0.0987134 -0.356634 0 
v 0.101474 -0.346856 0.0002 
v 0.101474 -0.346856 0 
v 0.10363 -0.340885 0.0002 
v 0.10363 -0.340885 -1.0842e-19 
v 0.105427 -0.337114 0.0002 
v 0.105427 -0.337114 0 
v 0.106904 -0.334663 0.0002 
v 0.106904 -0.334663 0 
v 0.108437 -0.33259 0.0002 
v 0.108437 -0.33259 2.71051e-20 
v 0.110102 -0.330751 0.0002 
v 0.110102 -0.330751 5.42101e-20 
v 0.111991 -0.329057 0.0002 
v 0.111991 -0.329057 5.42101e-20 
v 0.113812 -0.327721 0.0002 
v 0.113812 -0.327721 2.71051e-20 
v 0.11611 -0.32635 0.0002 
v 0.11611 -0.32635 0 
v 0.118926 -0.325022 0.0002 
v 0.118926 -0.325022 0 
v 0.122564 -0.323718 0.0002 
v 0.122564 -0.323718 0 
v 0.127853 -0.322376 0.0002 
v 0.127853 -0.322376 0 
v 0.134898 -0.321224 0.0002 
v 0.134898 -0.321224 2.71051e-20 
v 0.144137 -0.320344 0.0002 
v 0.144137 -0.320344 0 
v 0.159191 -0.319658 0.0002 
v 0.159191 -0.319658 0 
v 0.199015 -0.318934 0.0002 
v 0.199015 -0.318934 0 
v 0.226161 -0.318116 0.0002 
v 0.226161 -0.318116 0 
v 0.248627 -0.316952 0.0002 
v 0.248627 -0.316952 0 
v 0.270886 -0.315283 0.0002 
v 0.270886 -0.315283 0 
v 0.293039 -0.31307 0.0002 
v 0.293039 -0.31307 -5.42101e-20 
v 0.315109 -0.31029 0.0002 
v 0.315109 -0.31029 -2.71051e-20 
v 0.337087 -0.306931 0.0002 
v 0.337087 -0.306931 0 
v 0.358942 -0.302986 0.0002 
v 0.358942 -0.302986 -2.71051e-20 
v 0.380636 -0.298456 0.0002 
v 0.380636 -0.298456 2.71051e-20 
v 0.402123 -0.293344 0.0002 
v 0.402123 -0.293344 0 
v 0.423355 -0.287659 0.0002 
v 0.423355 -0.287659 0 
v 0.444281 -0.281416 0.0002 
v 0.444281 -0.281416 0 
v 0.464851 -0.274629 0.0002 
v 0.464851 -0.274629 0 
v 0.485014 -0.267319 0.0002 
v 0.485014 -0.267319 0 
v 0.504925 -0.259424 0.0002 
v 0.504925 -0.259424 0 
v 0.524131 -0.25113 0.0002 
v 0.524131 -0.25113 0 
v 0.54279 -0.242387 0.0002 
v 0.54279 -0.242387 0 
v 0.560863 -0.233223 0.0002 
v 0.560863 -0.233223 0 
v 0.578309 -0.223671 0.0002 
v 0.578309 -0.223671 0 
v 0.595094 -0.213762 0.0002 
v 0.595094 -0.213762 0 
v 0.611184 -0.20353 0.0002 
v 0.611184 -0.20353 0 
v 0.626549 -0.193012 0.0002 
v 0.626549 -0.193012 -2.71051e-20 
v 0.641163 -0.182244 0.0002 
v 0.641163 -0.182244 0 
v 0.655006 -0.17126 0.0002 
v 0.655006 -0.17126 -2.71051e-20 
v 0.668063 -0.160096 0.0002 
v 0.668063 -0.160096 0 
v 0.680323 -0.148786 0.0002 
v 0.680323 -0.148786 -2.71051e-20 
v 0.691844 -0.137292 0.0002 
v 0.691844 -0.137292 -5.42101e-20 
v 0.702484 -0.125787 0.0002 
v 0.702484 -0.125787 -2.71051e-20 
v 0.712312 -0.114231 0.0002 
v 0.712312 -0.114231 0 
v 0.721332 -0.102655 0.0002 
v 0.721332 -0.102655 0 
v 0.729548 -0.0910868 0.0002 
v 0.729548 -0.0910868 2.71051e-20 
v 0.736968 -0.0795523 0.0002 
v 0.736968 -0.0795523 0 
v 0.743601 -0.0680762 0.0002 
v 0.743601 -0.0680762 0 
v 0.749459 -0.0566813 0.0002 
v 0.749459 -0.0566813 2.71051e-20 
v 0.754555 -0.0453888 0.0002 
v 0.754555 -0.0453888 -2.71051e-20 
v 0.758902 -0.0342179 0.0002 
v 0.758902 -0.0342179 -2.71051e-20 
v 0.762515 -0.0231866 0.0002 
v 0.762515 -0.0231866 0 
v 0.76541 -0.0123112 0.0002 
v 0.76541 -0.0123112 0 
v 0.7676 -0.00160683 0.0002 
v 0.7676 -0.00160683 -8.13152e-20 
v 0.769103 0.00891424 0.0002 
v 0.769103 0.00891424 0 
v 0.769872 0.0181193 0.0002 
v 0.769872 0.0181193 0 
v 0.770111 0.0282514 0.0002 
v 0.770111 0.0282514 0 
v 0.7697 0.0381598 0.0002 
v 0.7697 0.0381598 0 
v 0.768653 0.047831 0.0002 
v 0.768653 0.047831 0 
v 0.766981 0.0572507 0.0002 
v 0.766981 0.0572507 0 
v 0.764697 0.0664033 0.0002 
v 0.764697 0.0664033 1.0842e-19 
v 0.76181 0.0752715 0.0002 
v 0.76181 0.0752715 0 
v 0.758334 0.083836 0.0002 
v 0.758334 0.083836 2.71051e-20 
v 0.754281 0.0920753 0.0002 
v 0.754281 0.0920753 8.13152e-20 
v 0.749666 0.0999651 0.0002 
v 0.749666 0.0999651 0 
v 0.744507 0.107478 0.0002 
v 0.744507 0.107478 -1.35525e-19 
v 0.738877 0.114523 0.0002 
v 0.738877 0.114523 0 
v 0.732701 0.121198 0.0002 
v 0.732701 0.121198 0 
v 0.726058 0.127402 0.0002 
v 0.726058 0.127402 -1.35525e-19 
v 0.718985 0.133102 0.0002 
v 0.718985 0.133102 0 
v 0.711527 0.138265 0.0002 
v 0.711527 0.138265 -1.0842e-19 
v 0.703735 0.142857 0.0002 
v 0.703735 0.142857 0 
v 0.695664 0.14685 0.0002 
v 0.695664 0.14685 0 
v 0.687378 0.150219 0.0002 
v 0.687378 0.150219 0 
v 0.678942 0.152944 0.0002 
v 0.678942 0.152944 0 
v 0.670423 0.155013 0.0002 
v 0.670423 0.155013 0 
v 0.0819837 -0.403266 0.0002 
v 0.80199 -0.631796 0.0002 
v 0.80199 -0.631796 0 
v 0.809337 -0.631273 0 
v 0.77165 -0.633587 0.0002 
v 0.77165 -0.633587 8.13152e-20 
v 0.734626 -0.63518 0.0002 
v 0.734626 -0.63518 -5.42101e-20 
v 0.69057 -0.636469 0.0002 
v 0.69057 -0.636469 2.71051e-20 
v 0.650111 -0.637145 0.0002 
v 0.650111 -0.637145 0 
v 0.613812 -0.637294 0.0002 
v 0.613812 -0.637294 5.42101e-20 
v 0.581193 -0.63697 0.0002 
v 0.581193 -0.63697 -2.71051e-20 
v 0.551632 -0.636202 0.0002 
v 0.551632 -0.636202 -2.71051e-20 
v 0.524588 -0.635007 0.0002 
v 0.524588 -0.635007 0 
v 0.499629 -0.633393 0.0002 
v 0.499629 -0.633393 0 
v 0.476416 -0.631366 0.0002 
v 0.476416 -0.631366 -2.71051e-20 
v 0.454679 -0.628928 0.0002 
v 0.454679 -0.628928 0 
v 0.434201 -0.626077 0.0002 
v 0.434201 -0.626077 -2.71051e-20 
v 0.414803 -0.62281 0.0002 
v 0.414803 -0.62281 0 
v 0.396335 -0.619122 0.0002 
v 0.396335 -0.619122 0 
v 0.378671 -0.615004 0.0002 
v 0.378671 -0.615004 2.71051e-20 
v 0.361699 -0.610445 0.0002 
v 0.361699 -0.610445 0 
v 0.345323 -0.605431 0.0002 
v 0.345323 -0.605431 -2.71051e-20 
v 0.329455 -0.599942 0.0002 
v 0.329455 -0.599942 -2.71051e-20 
v 0.314015 -0.593957 0.0002 
v 0.314015 -0.593957 -1.35525e-19 
v 0.298929 -0.587448 0.0002 
v 0.298929 -0.587448 8.13152e-20 
v 0.284127 -0.580383 0.0002 
v 0.284127 -0.580383 0 
v 0.269541 -0.572723 0.0002 
v 0.269541 -0.572723 0 
v 0.255105 -0.564422 0.0002 
v 0.255105 -0.564422 0 
v 0.240751 -0.555426 0.0002 
v 0.240751 -0.555426 0 
v 0.226411 -0.545669 0.0002 
v 0.226411 -0.545669 -2.71051e-20 
v 0.21201 -0.535074 0.0002 
v 0.21201 -0.535074 8.13152e-20 
v 0.197469 -0.523546 0.0002 
v 0.197469 -0.523546 0 
v 0.182694 -0.510972 0.0002 
v 0.182694 -0.510972 0 
v 0.16758 -0.497207 0.0002 
v 0.16758 -0.497207 -1.0842e-19 
v 0.152007 -0.482086 0.0002 
v 0.152007 -0.482086 0 
v 0.135826 -0.465388 0.0002 
v 0.135826 -0.465388 0 
v 0.118823 -0.44681 0.0002 
v 0.118823 -0.44681 -1.0842e-19 
v 0.100718 -0.425939 0.0002 
v 0.100718 -0.425939 0 
v 0.809337 -0.631273 0.0002 
v 0.809337 -0.7261 0 
v 0.809337 -0.7261 0.0002 
v 0.814337 -0.7261 0 
v 0.814337 -0.7261 0.0002 
v 0.814337 -0.630894 0 
v 0.814337 -0.630894 0.0002 
v 0.997758 -0.0557008 0.0002 
v 0.997758 -0.0557008 0 
v 0.99175 0 0 
v 1.00488 -0.125732 0.0002 
v 1.00488 -0.125732 0 
v 1.01041 -0.185132 0.0002 
v 1.01041 -0.185132 0 
v 1.01461 -0.23589 0.0002 
v 1.01461 -0.23589 0 
v 1.0177 -0.279589 0.0002 
v 1.0177 -0.279589 -2.71051e-20 
v 1.01985 -0.317472 0.0002 
v 1.01985 -0.317472 -2.71051e-20 
v 1.02118 -0.350518 0.0002 
v 1.02118 -0.350518 5.42101e-20 
v 1.0218 -0.379506 0.0002 
v 1.0218 -0.379506 2.71051e-20 
v 1.0218 -0.405061 0.0002 
v 1.0218 -0.405061 0 
v 1.02123 -0.42769 0.0002 
v 1.02123 -0.42769 2.71051e-20 
v 1.02017 -0.447811 0.0002 
v 1.02017 -0.447811 0 
v 1.01864 -0.465759 0.0002 
v 1.01864 -0.465759 2.71051e-20 
v 1.0167 -0.481825 0.0002 
v 1.0167 -0.481825 0 
v 1.01438 -0.496257 0.0002 
v 1.01438 -0.496257 0 
v 1.01169 -0.509263 0.0002 
v 1.01169 -0.509263 2.71051e-20 
v 1.00865 -0.521025 0.0002 
v 1.00865 -0.521025 0 
v 1.00527 -0.531752 0.0002 
v 1.00527 -0.531752 0 
v 1.00346 -0.536719 0.0002 
v 1.00346 -0.536719 0 
v 0.999589 -0.545999 0.0002 
v 0.999589 -0.545999 0 
v 0.995383 -0.554495 0.0002 
v 0.995383 -0.554495 0 
v 0.990821 -0.5623 0.0002 
v 0.990821 -0.5623 0 
v 0.98588 -0.569497 0.0002 
v 0.98588 -0.569497 0 
v 0.980525 -0.576157 0.0002 
v 0.980525 -0.576157 2.71051e-20 
v 0.974708 -0.58234 0.0002 
v 0.974708 -0.58234 0 
v 0.968369 -0.588098 0.0002 
v 0.968369 -0.588098 0 
v 0.961431 -0.593473 0.0002 
v 0.961431 -0.593473 2.71051e-20 
v 0.953799 -0.5985 0.0002 
v 0.953799 -0.5985 5.42101e-20 
v 0.945352 -0.603206 0.0002 
v 0.945352 -0.603206 0 
v 0.935949 -0.607606 0.0002 
v 0.935949 -0.607606 -2.71051e-20 
v 0.925958 -0.61152 0.0002 
v 0.925958 -0.61152 0 
v 0.91554 -0.61494 0.0002 
v 0.91554 -0.61494 0 
v 0.903934 -0.61812 0.0002 
v 0.903934 -0.61812 0 
v 0.890912 -0.621069 0.0002 
v 0.890912 -0.621069 0 
v 0.876178 -0.623793 0.0002 
v 0.876178 -0.623793 0 
v 0.859341 -0.626297 0.0002 
v 0.859341 -0.626297 -5.42101e-20 
v 0.839884 -0.628588 0.0002 
v 0.839884 -0.628588 0 
v 0.99175 0 0.0002 
v 0.52768 0.43706 0.0002 
v 0.52768 0.43706 0 
v 0.50546 0.437061 0 
v 0.645602 0.436914 0.0002 
v 0.645602 0.436914 -2.71051e-20 
v 0.708431 0.436428 0.0002 
v 0.708431 0.436428 0 
v 0.745761 0.435733 0.0002 
v 0.745761 0.435733 0 
v 0.774975 0.434766 0.0002 
v 0.774975 0.434766 0 
v 0.798564 0.433529 0.0002 
v 0.798564 0.433529 0 
v 0.818052 0.432026 0.0002 
v 0.818052 0.432026 0 
v 0.834442 0.43026 0.0002 
v 0.834442 0.43026 0 
v 0.848431 0.428233 0.0002 
v 0.848431 0.428233 2.71051e-20 
v 0.860519 0.425945 0.0002 
v 0.860519 0.425945 -2.71051e-20 
v 0.871082 0.42339 0.0002 
v 0.871082 0.42339 2.71051e-20 
v 0.880407 0.420561 0.0002 
v 0.880407 0.420561 0 
v 0.88872 0.417441 0.0002 
v 0.88872 0.417441 0 
v 0.8962 0.414007 0.0002 
v 0.8962 0.414007 0 
v 0.902995 0.410225 0.0002 
v 0.902995 0.410225 0 
v 0.909223 0.40605 0.0002 
v 0.909223 0.40605 0 
v 0.914974 0.40143 0.0002 
v 0.914974 0.40143 0 
v 0.920351 0.396269 0.0002 
v 0.920351 0.396269 -2.71051e-20 
v 0.925408 0.390478 0.0002 
v 0.925408 0.390478 2.71051e-20 
v 0.930201 0.383932 0.0002 
v 0.930201 0.383932 2.71051e-20 
v 0.934777 0.376469 0.0002 
v 0.934777 0.376469 0 
v 0.939177 0.367887 0.0002 
v 0.939177 0.367887 0 
v 0.943428 0.357949 0.0002 
v 0.943428 0.357949 2.71051e-20 
v 0.94714 0.347625 0.0002 
v 0.94714 0.347625 5.42101e-20 
v 0.950769 0.335715 0.0002 
v 0.950769 0.335715 -5.42101e-20 
v 0.954345 0.321854 0.0002 
v 0.954345 0.321854 0 
v 0.957908 0.305566 0.0002 
v 0.957908 0.305566 2.71051e-20 
v 0.961505 0.286209 0.0002 
v 0.961505 0.286209 2.71051e-20 
v 0.965202 0.262898 0.0002 
v 0.965202 0.262898 0 
v 0.969093 0.234377 0.0002 
v 0.969093 0.234377 2.71051e-20 
v 0.973314 0.198799 0.0002 
v 0.973314 0.198799 0 
v 0.978075 0.153352 0.0002 
v 0.978075 0.153352 -5.42101e-20 
v 0.983697 0.0936675 0.0002 
v 0.983697 0.0936675 0 
v 0.50546 0.437061 0.0002 
v 0.345327 0.362496 0.0002 
v 0.345327 0.362496 0 
v 0.336545 0.345927 0 
v 0.353466 0.376942 0.0002 
v 0.353466 0.376942 0 
v 0.360282 0.3881 0.0002 
v 0.360282 0.3881 0 
v 0.366089 0.396697 0.0002 
v 0.366089 0.396697 0 
v 0.371443 0.403672 0.0002 
v 0.371443 0.403672 0 
v 0.375551 0.408266 0.0002 
v 0.375551 0.408266 0 
v 0.379371 0.411843 0.0002 
v 0.379371 0.411843 0 
v 0.382268 0.414048 0.0002 
v 0.382268 0.414048 0 
v 0.38456 0.415448 0.0002 
v 0.38456 0.415448 0 
v 0.386345 0.416314 0.0002 
v 0.386345 0.416314 0 
v 0.38795 0.416912 0.0002 
v 0.38795 0.416912 0 
v 0.389429 0.417307 0.0002 
v 0.389429 0.417307 0 
v 0.390824 0.417535 0.0002 
v 0.390824 0.417535 0 
v 0.392171 0.417618 0.0002 
v 0.392171 0.417618 0 
v 0.393501 0.417562 0.0002 
v 0.393501 0.417562 2.71051e-20 
v 0.394664 0.417398 0.0002 
v 0.394664 0.417398 0 
v 0.396059 0.417056 0.0002 
v 0.396059 0.417056 0 
v 0.397353 0.416591 0.0002 
v 0.397353 0.416591 0 
v 0.398719 0.415944 0.0002 
v 0.398719 0.415944 0 
v 0.400192 0.415061 0.0002 
v 0.400192 0.415061 2.71051e-20 
v 0.401819 0.413857 0.0002 
v 0.401819 0.413857 0 
v 0.403664 0.412194 0.0002 
v 0.403664 0.412194 0 
v 0.405812 0.409851 0.0002 
v 0.405812 0.409851 0 
v 0.408438 0.406383 0.0002 
v 0.408438 0.406383 0 
v 0.411732 0.401086 0.0002 
v 0.411732 0.401086 0 
v 0.415292 0.394195 0.0002 
v 0.415292 0.394195 0 
v 0.419052 0.385671 0.0002 
v 0.419052 0.385671 -2.71051e-20 
v 0.423368 0.374498 0.0002 
v 0.423368 0.374498 -2.71051e-20 
v 0.428931 0.358441 0.0002 
v 0.428931 0.358441 0 
v 0.438581 0.329098 0.0002 
v 0.438581 0.329098 0 
v 0.44432 0.312815 0.0002 
v 0.44432 0.312815 0 
v 0.448547 0.30215 0.0002 
v 0.448547 0.30215 0 
v 0.452423 0.293613 0.0002 
v 0.452423 0.293613 -2.71051e-20 
v 0.456027 0.28684 0.0002 
v 0.456027 0.28684 2.71051e-20 
v 0.459659 0.28118 0.0002 
v 0.459659 0.28118 -2.71051e-20 
v 0.462626 0.27743 0.0002 
v 0.462626 0.27743 0 
v 0.464798 0.275175 0.0002 
v 0.464798 0.275175 -2.71051e-20 
v 0.465571 0.274472 0.0002 
v 0.465571 0.274472 -5.42101e-20 
v 0.467305 0.273082 0.0002 
v 0.467305 0.273082 0 
v 0.468864 0.272052 0.0002 
v 0.468864 0.272052 -2.71051e-20 
v 0.470292 0.271291 0.0002 
v 0.470292 0.271291 2.71051e-20 
v 0.471621 0.270739 0.0002 
v 0.471621 0.270739 0 
v 0.472881 0.270354 0.0002 
v 0.472881 0.270354 -2.71051e-20 
v 0.474095 0.270112 0.0002 
v 0.474095 0.270112 2.71051e-20 
v 0.475284 0.269998 0.0002 
v 0.475284 0.269998 0 
v 0.47647 0.270006 0.0002 
v 0.47647 0.270006 2.71051e-20 
v 0.477651 0.270137 0.0002 
v 0.477651 0.270137 0 
v 0.478891 0.27041 0.0002 
v 0.478891 0.27041 0 
v 0.480056 0.270796 0.0002 
v 0.480056 0.270796 0 
v 0.48127 0.271335 0.0002 
v 0.48127 0.271335 0 
v 0.482554 0.272062 0.0002 
v 0.482554 0.272062 5.42101e-20 
v 0.483928 0.273029 0.0002 
v 0.483928 0.273029 -2.71051e-20 
v 0.485419 0.274312 0.0002 
v 0.485419 0.274312 0 
v 0.487053 0.276022 0.0002 
v 0.487053 0.276022 0 
v 0.488948 0.278446 0.0002 
v 0.488948 0.278446 5.42101e-20 
v 0.490972 0.281638 0.0002 
v 0.490972 0.281638 0 
v 0.493256 0.286152 0.0002 
v 0.493256 0.286152 0 
v 0.495806 0.292697 0.0002 
v 0.495806 0.292697 -2.71051e-20 
v 0.498154 0.30076 0.0002 
v 0.498154 0.30076 0 
v 0.50026 0.310679 0.0002 
v 0.50026 0.310679 0 
v 0.502081 0.323002 0.0002 
v 0.502081 0.323002 0 
v 0.503396 0.33636 0.0002 
v 0.503396 0.33636 0 
v 0.504425 0.353364 0.0002 
v 0.504425 0.353364 2.71051e-20 
v 0.505104 0.375293 0.0002 
v 0.505104 0.375293 -5.42101e-20 
v 0.505416 0.404438 0.0002 
v 0.505416 0.404438 2.1684e-19 
v 0.336545 0.345927 0.0002 
v 0.268967 0.0672483 0.0002 
v 0.268967 0.0672483 0 
v 0.266864 0.0659913 0 
v 0.271263 0.0689333 0.0002 
v 0.271263 0.0689333 0 
v 0.27386 0.0712355 0.0002 
v 0.27386 0.0712355 0 
v 0.276845 0.0744086 0.0002 
v 0.276845 0.0744086 0 
v 0.280332 0.0788507 0.0002 
v 0.280332 0.0788507 -5.42101e-20 
v 0.284337 0.0849751 0.0002 
v 0.284337 0.0849751 0 
v 0.28846 0.0924981 0.0002 
v 0.28846 0.0924981 0 
v 0.292677 0.101591 0.0002 
v 0.292677 0.101591 -2.71051e-20 
v 0.296959 0.112423 0.0002 
v 0.296959 0.112423 0 
v 0.301276 0.125184 0.0002 
v 0.301276 0.125184 0 
v 0.303289 0.131838 0.0002 
v 0.303289 0.131838 0 
v 0.307642 0.147938 0.0002 
v 0.307642 0.147938 0 
v 0.31195 0.166483 0.0002 
v 0.31195 0.166483 0 
v 0.316236 0.18792 0.0002 
v 0.316236 0.18792 0 
v 0.3205 0.212689 0.0002 
v 0.3205 0.212689 -5.42101e-20 
v 0.324754 0.241358 0.0002 
v 0.324754 0.241358 0 
v 0.329025 0.274684 0.0002 
v 0.329025 0.274684 1.0842e-19 
v 0.333362 0.313717 0.0002 
v 0.333362 0.313717 2.71051e-20 
v 0.266864 0.0659913 0.0002 
v 0.266864 0.114687 0 
v 0.266864 0.114687 0.0002 
v 0.261864 0.114687 0 
v 0.261864 0.114687 0.0002 
v 0.261864 0.0641095 0 
v 0.261864 0.0641095 0.0002 
v 0.133038 0.353053 0.0002 
v 0.133038 0.353053 0 
v 0.132723 0.345927 0 
v 0.133934 0.359837 0.0002 
v 0.133934 0.359837 0 
v 0.135404 0.366454 0.0002 
v 0.135404 0.366454 0 
v 0.137417 0.372776 0.0002 
v 0.137417 0.372776 0 
v 0.139927 0.378672 0.0002 
v 0.139927 0.378672 2.71051e-20 
v 0.14288 0.384043 0.0002 
v 0.14288 0.384043 5.42101e-20 
v 0.145676 0.388096 0.0002 
v 0.145676 0.388096 -2.71051e-20 
v 0.148379 0.391297 0.0002 
v 0.148379 0.391297 -8.13152e-20 
v 0.150911 0.393764 0.0002 
v 0.150911 0.393764 0 
v 0.153239 0.395629 0.0002 
v 0.153239 0.395629 5.42101e-20 
v 0.155363 0.397014 0.0002 
v 0.155363 0.397014 -8.13152e-20 
v 0.157299 0.398024 0.0002 
v 0.157299 0.398024 2.71051e-20 
v 0.159071 0.398738 0.0002 
v 0.159071 0.398738 0 
v 0.160706 0.399218 0.0002 
v 0.160706 0.399218 0 
v 0.161712 0.399426 0.0002 
v 0.161712 0.399426 0 
v 0.16334 0.39962 0.0002 
v 0.16334 0.39962 0 
v 0.16488 0.399634 0.0002 
v 0.16488 0.399634 0 
v 0.166335 0.399489 0.0002 
v 0.166335 0.399489 0 
v 0.167734 0.399198 0.0002 
v 0.167734 0.399198 0 
v 0.169107 0.398759 0.0002 
v 0.169107 0.398759 0 
v 0.17047 0.398163 1.35525e-19 
v 0.171851 0.397387 0.0002 
v 0.171851 0.397387 5.42101e-20 
v 0.173273 0.396393 0.0002 
v 0.173273 0.396393 -2.71051e-20 
v 0.17476 0.395124 0.0002 
v 0.17476 0.395124 -2.71051e-20 
v 0.176442 0.393377 0.0002 
v 0.176442 0.393377 2.71051e-20 
v 0.178155 0.391222 0.0002 
v 0.178155 0.391222 0 
v 0.180045 0.388346 0.0002 
v 0.180045 0.388346 0 
v 0.182574 0.383547 0.0002 
v 0.182574 0.383547 0 
v 0.185007 0.377698 0.0002 
v 0.185007 0.377698 2.71051e-20 
v 0.187564 0.369946 0.0002 
v 0.187564 0.369946 2.71051e-20 
v 0.187856 0.368939 0.0002 
v 0.187856 0.368939 0 
v 0.190451 0.358711 0.0002 
v 0.190451 0.358711 -2.71051e-20 
v 0.192937 0.346395 0.0002 
v 0.192937 0.346395 0 
v 0.195421 0.331112 0.0002 
v 0.195421 0.331112 0 
v 0.197963 0.312014 0.0002 
v 0.197963 0.312014 0 
v 0.201361 0.281412 0.0002 
v 0.201361 0.281412 -2.71051e-20 
v 0.205983 0.235792 0.0002 
v 0.205983 0.235792 2.71051e-20 
v 0.209287 0.205472 0.0002 
v 0.209287 0.205472 0 
v 0.212945 0.176652 0.0002 
v 0.212945 0.176652 0 
v 0.216108 0.155826 0.0002 
v 0.216108 0.155826 0 
v 0.219298 0.138194 0.0002 
v 0.219298 0.138194 0 
v 0.222522 0.12328 0.0002 
v 0.222522 0.12328 0 
v 0.225774 0.110708 0.0002 
v 0.225774 0.110708 5.42101e-20 
v 0.22904 0.100179 0.0002 
v 0.22904 0.100179 0 
v 0.232566 0.0907993 0.0002 
v 0.232566 0.0907993 -8.13152e-20 
v 0.235802 0.083748 0.0002 
v 0.235802 0.083748 -2.71051e-20 
v 0.238996 0.0780515 0.0002 
v 0.238996 0.0780515 0 
v 0.241881 0.0738624 0.0002 
v 0.241881 0.0738624 -5.42101e-20 
v 0.244346 0.0709331 0.0002 
v 0.244346 0.0709331 0 
v 0.246741 0.0686122 0.0002 
v 0.246741 0.0686122 0 
v 0.248651 0.0671106 0.0002 
v 0.248651 0.0671106 0 
v 0.250402 0.0659899 0.0002 
v 0.250402 0.0659899 -2.71051e-20 
v 0.252038 0.0651564 0.0002 
v 0.252038 0.0651564 0 
v 0.253698 0.0645121 0.0002 
v 0.253698 0.0645121 0 
v 0.255196 0.0641001 0.0002 
v 0.255196 0.0641001 0 
v 0.256801 0.0638316 0.0002 
v 0.256801 0.0638316 0 
v 0.258377 0.0637376 0.0002 
v 0.258377 0.0637376 0 
v 0.259952 0.0638079 0.0002 
v 0.259952 0.0638079 0 
v 0.261518 0.0640375 0.0002 
v 0.261518 0.0640375 0 
v 0.17047 0.398163 0.0002 
v 0.132723 0.345927 0.0002 
v 0.0954813 0.0363331 0.0002 
v 0.0954813 0.0363331 0 
v 0.093627 0.0348632 0 
v 0.0973878 0.0381695 0.0002 
v 0.0973878 0.0381695 0 
v 0.0994787 0.0405954 0.0002 
v 0.0994787 0.0405954 0 
v 0.101804 0.043852 0.0002 
v 0.101804 0.043852 0 
v 0.104435 0.0483381 0.0002 
v 0.104435 0.0483381 0 
v 0.107468 0.0547403 0.0002 
v 0.107468 0.0547403 -5.42101e-20 
v 0.110511 0.0627537 0.0002 
v 0.110511 0.0627537 -2.71051e-20 
v 0.113529 0.0726399 0.0002 
v 0.113529 0.0726399 0 
v 0.116492 0.0847323 0.0002 
v 0.116492 0.0847323 0 
v 0.119354 0.0993383 0.0002 
v 0.119354 0.0993383 0 
v 0.122095 0.116989 0.0002 
v 0.122095 0.116989 0 
v 0.124654 0.13808 0.0002 
v 0.124654 0.13808 0 
v 0.126976 0.163099 0.0002 
v 0.126976 0.163099 2.71051e-20 
v 0.128998 0.192576 0.0002 
v 0.128998 0.192576 0 
v 0.130655 0.22708 0.0002 
v 0.130655 0.22708 -2.71051e-20 
v 0.131875 0.267225 0.0002 
v 0.131875 0.267225 5.42101e-20 
v 0.13258 0.31367 0.0002 
v 0.13258 0.31367 0 
v 0.093627 0.0348632 0.0002 
v 0.0930338 0.151908 0 
v 0.0930338 0.151908 0.0002 
v 0.0880339 0.151882 0 
v 0.0880339 0.151882 0.0002 
v 0.08864 0.0323031 0 
v 0.08864 0.0323031 0.0002 
v -0.233306 0.354923 0.0002 
v -0.233306 0.354923 0 
v -0.240698 0.345927 0 
v -0.226977 0.361889 0.0002 
v -0.226977 0.361889 0 
v -0.220705 0.368003 0.0002 
v -0.220705 0.368003 0 
v -0.213537 0.374073 0.0002 
v -0.213537 0.374073 -1.89735e-19 
v -0.20618 0.37941 0.0002 
v -0.20618 0.37941 0 
v -0.198484 0.384172 0.0002 
v -0.198484 0.384172 0 
v -0.190376 0.388415 0.0002 
v -0.190376 0.388415 0 
v -0.181843 0.392144 0.0002 
v -0.181843 0.392144 0 
v -0.172902 0.395339 0.0002 
v -0.172902 0.395339 0 
v -0.163642 0.397955 0.0002 
v -0.163642 0.397955 0 
v -0.154139 0.399961 0.0002 
v -0.154139 0.399961 0 
v -0.144495 0.401329 0.0002 
v -0.144495 0.401329 -8.13152e-20 
v -0.134816 0.402039 0.0002 
v -0.134816 0.402039 -2.71051e-20 
v -0.125203 0.402085 0.0002 
v -0.125203 0.402085 -5.42101e-20 
v -0.115741 0.401473 0.0002 
v -0.115741 0.401473 2.71051e-20 
v -0.106499 0.400215 0.0002 
v -0.106499 0.400215 -2.71051e-20 
v -0.0975245 0.39833 0.0002 
v -0.0975245 0.39833 0 
v -0.0888514 0.395838 0.0002 
v -0.0888514 0.395838 -5.42101e-20 
v -0.0805522 0.392778 0.0002 
v -0.0805522 0.392778 -2.71051e-20 
v -0.0725228 0.389122 0.0002 
v -0.0725228 0.389122 0 
v -0.0648189 0.384899 0.0002 
v -0.0648189 0.384899 0 
v -0.0574345 0.380111 0.0002 
v -0.0574345 0.380111 0 
v -0.050366 0.374757 0.0002 
v -0.050366 0.374757 2.71051e-20 
v -0.043603 0.36883 0.0002 
v -0.043603 0.36883 0 
v -0.0371339 0.362311 0.0002 
v -0.0371339 0.362311 0 
v -0.0309477 0.355178 0.0002 
v -0.0309477 0.355178 0 
v -0.0250345 0.347399 0.0002 
v -0.0250345 0.347399 -2.71051e-20 
v -0.0193855 0.338938 0.0002 
v -0.0193855 0.338938 -2.71051e-20 
v -0.0139929 0.329746 0.0002 
v -0.0139929 0.329746 -2.71051e-20 
v -0.00886145 0.319796 0.0002 
v -0.00886145 0.319796 0 
v -0.00395895 0.308971 0.0002 
v -0.00395895 0.308971 -2.71051e-20 
v 0.000709767 0.297216 0.0002 
v 0.000709767 0.297216 0 
v 0.0051562 0.284431 0.0002 
v 0.0051562 0.284431 0 
v 0.00939665 0.270491 0.0002 
v 0.00939665 0.270491 0 
v 0.0134567 0.255225 0.0002 
v 0.0134567 0.255225 0 
v 0.0173783 0.238391 0.0002 
v 0.0173783 0.238391 -2.71051e-20 
v 0.0212351 0.219608 0.0002 
v 0.0212351 0.219608 -2.71051e-20 
v 0.0259033 0.193988 0.0002 
v 0.0259033 0.193988 -2.71051e-20 
v 0.0348337 0.141268 0.0002 
v 0.0348337 0.141268 2.71051e-20 
v 0.0390799 0.11859 0.0002 
v 0.0390799 0.11859 2.71051e-20 
v 0.0427812 0.101486 0.0002 
v 0.0427812 0.101486 -2.71051e-20 
v 0.046355 0.0874177 0.0002 
v 0.046355 0.0874177 0 
v 0.049875 0.0757161 0.0002 
v 0.049875 0.0757161 0 
v 0.053755 0.064977 0.0002 
v 0.053755 0.064977 -2.71051e-20 
v 0.0575711 0.0563041 0.0002 
v 0.0575711 0.0563041 8.13152e-20 
v 0.0612342 0.049486 0.0002 
v 0.0612342 0.049486 0 
v 0.0649318 0.0439029 0.0002 
v 0.0649318 0.0439029 2.71051e-20 
v 0.0679236 0.0402363 0.0002 
v 0.0679236 0.0402363 0 
v 0.0705182 0.0376204 0.0002 
v 0.0705182 0.0376204 0 
v 0.0728142 0.0357164 0.0002 
v 0.0728142 0.0357164 0 
v 0.0747512 0.0343973 0.0002 
v 0.0747512 0.0343973 0 
v 0.076641 0.0333564 0.0002 
v 0.076641 0.0333564 0 
v 0.0783865 0.032607 0.0002 
v 0.0783865 0.032607 0 
v 0.0800219 0.0320875 0.0002 
v 0.0800219 0.0320875 0 
v 0.0817373 0.0317321 0.0002 
v 0.0817373 0.0317321 -1.0842e-19 
v 0.0833609 0.0315751 0 
v 0.0849196 0.0315903 0.0002 
v 0.0849196 0.0315903 0 
v 0.0864419 0.0317649 0.0002 
v 0.0864419 0.0317649 0 
v 0.0879528 0.0320978 0.0002 
v 0.0879528 0.0320978 -3.25261e-19 
v 0.0833609 0.0315751 0.0002 
v -0.240698 0.345927 0.0002 
v -0.240698 0.12695 0 
v -0.240698 0.12695 0.0002 
v -0.232224 -0.148529 0.0002 
v -0.232224 -0.148529 0 
v -0.231254 -0.165814 0 
v -0.232608 -0.133567 0.0002 
v -0.232608 -0.133567 0 
v -0.232393 -0.121126 0.0002 
v -0.232393 -0.121126 2.71051e-20 
v -0.231626 -0.110321 0.0002 
v -0.231626 -0.110321 2.71051e-20 
v -0.230304 -0.100559 0.0002 
v -0.230304 -0.100559 0 
v -0.228622 -0.092375 0.0002 
v -0.228622 -0.092375 0 
v -0.226464 -0.0846 0.0002 
v -0.226464 -0.0846 0 
v -0.22376 -0.0768924 0.0002 
v -0.22376 -0.0768924 2.71051e-20 
v -0.220511 -0.069119 0.0002 
v -0.220511 -0.069119 -2.71051e-20 
v -0.214466 -0.0563519 0.0002 
v -0.214466 -0.0563519 0 
v -0.208932 -0.0445694 0.0002 
v -0.208932 -0.0445694 -2.71051e-20 
v -0.205587 -0.0364439 0.0002 
v -0.205587 -0.0364439 2.71051e-20 
v -0.202948 -0.0287125 0.0002 
v -0.202948 -0.0287125 0 
v -0.200954 -0.0211396 0.0002 
v -0.200954 -0.0211396 0 
v -0.199587 -0.0136217 0.0002 
v -0.199587 -0.0136217 0 
v -0.198847 -0.00611857 0.0002 
v -0.198847 -0.00611857 0 
v -0.198742 0.00141514 0.0002 
v -0.198742 0.00141514 0 
v -0.199283 0.008899 0.0002 
v -0.199283 0.008899 0 
v -0.200483 0.0163688 0.0002 
v -0.200483 0.0163688 0 
v -0.202373 0.0238693 0.0002 
v -0.202373 0.0238693 0 
v -0.205026 0.0315017 0.0002 
v -0.205026 0.0315017 0 
v -0.208089 0.0384453 0.0002 
v -0.208089 0.0384453 0 
v -0.21187 0.045592 0.0002 
v -0.21187 0.045592 2.71051e-20 
v -0.217495 0.0547301 0.0002 
v -0.217495 0.0547301 -2.71051e-20 
v -0.225465 0.0666687 0.0002 
v -0.225465 0.0666687 0 
v -0.230332 0.0744878 0.0002 
v -0.230332 0.0744878 0 
v -0.233419 0.0802922 0.0002 
v -0.233419 0.0802922 0 
v -0.235899 0.0860257 0.0002 
v -0.235899 0.0860257 5.42101e-20 
v -0.237871 0.0920531 0.0002 
v -0.237871 0.0920531 0 
v -0.239374 0.0988269 0.0002 
v -0.239374 0.0988269 2.71051e-20 
v -0.240285 0.105895 0.0002 
v -0.240285 0.105895 0 
v -0.240736 0.114242 0.0002 
v -0.240736 0.114242 0 
v -0.231254 -0.165814 0.0002 
v 0.184255 -0.0507319 0.0002 
v 0.184255 -0.0507319 0 
v 0.192193 -0.0423845 0 
v 0.173791 -0.0624915 0.0002 
v 0.173791 -0.0624915 0 
v 0.164763 -0.0735771 0.0002 
v 0.164763 -0.0735771 0 
v 0.157012 -0.0840922 0.0002 
v 0.157012 -0.0840922 0 
v 0.150399 -0.094142 0.0002 
v 0.150399 -0.094142 -2.71051e-20 
v 0.144798 -0.103839 0.0002 
v 0.144798 -0.103839 0 
v 0.140104 -0.113302 0.0002 
v 0.140104 -0.113302 0 
v 0.136622 -0.121621 0.0002 
v 0.136622 -0.121621 0 
v 0.133769 -0.129853 0.0002 
v 0.133769 -0.129853 0 
v 0.131279 -0.138968 0.0002 
v 0.131279 -0.138968 0 
v 0.129536 -0.147489 0.0002 
v 0.129536 -0.147489 0 
v 0.128232 -0.15637 0.0002 
v 0.128232 -0.15637 0 
v 0.12719 -0.166488 0.0002 
v 0.12719 -0.166488 0 
v 0.125945 -0.179734 0.0002 
v 0.125945 -0.179734 0 
v 0.124811 -0.187473 0.0002 
v 0.124811 -0.187473 0 
v 0.123371 -0.193625 0.0002 
v 0.123371 -0.193625 0 
v 0.121965 -0.197795 0.0002 
v 0.121965 -0.197795 0 
v 0.120343 -0.201442 0.0002 
v 0.120343 -0.201442 0 
v 0.118443 -0.204789 0.0002 
v 0.118443 -0.204789 0 
v 0.11616 -0.207995 0.0002 
v 0.11616 -0.207995 -2.71051e-20 
v 0.113335 -0.211178 0.0002 
v 0.113335 -0.211178 -2.71051e-20 
v 0.110231 -0.214022 0.0002 
v 0.110231 -0.214022 0 
v 0.106375 -0.216915 0.0002 
v 0.106375 -0.216915 0 
v 0.100797 -0.220264 0.0002 
v 0.100797 -0.220264 0 
v 0.0942522 -0.223361 0.0002 
v 0.0942522 -0.223361 0 
v 0.0860417 -0.226409 0.0002 
v 0.0860417 -0.226409 0 
v 0.0772199 -0.228979 0.0002 
v 0.0772199 -0.228979 0 
v 0.0668313 -0.231356 0.0002 
v 0.0668313 -0.231356 0 
v 0.0546739 -0.233497 0.0002 
v 0.0546739 -0.233497 0 
v 0.0405515 -0.235354 0.0002 
v 0.0405515 -0.235354 0 
v 0.0243122 -0.236867 0.0002 
v 0.0243122 -0.236867 0 
v 0.0037654 -0.238057 0.0002 
v 0.0037654 -0.238057 0 
v -0.0189799 -0.238638 0.0002 
v -0.0189799 -0.238638 -2.71051e-20 
v -0.0432032 -0.238559 0.0002 
v -0.0432032 -0.238559 0 
v -0.0679194 -0.237822 0.0002 
v -0.0679194 -0.237822 2.71051e-20 
v -0.0921392 -0.236482 0.0002 
v -0.0921392 -0.236482 0 
v -0.115028 -0.234629 0.0002 
v -0.115028 -0.234629 2.71051e-20 
v -0.136008 -0.232368 0.0002 
v -0.136008 -0.232368 2.71051e-20 
v -0.15476 -0.229798 0.0002 
v -0.15476 -0.229798 0 
v -0.171179 -0.227006 0.0002 
v -0.171179 -0.227006 -5.42101e-20 
v -0.185307 -0.224067 0.0002 
v -0.185307 -0.224067 2.71051e-20 
v -0.197283 -0.221037 0.0002 
v -0.197283 -0.221037 -2.71051e-20 
v -0.207297 -0.21796 0.0002 
v -0.207297 -0.21796 0 
v -0.215547 -0.214875 0.0002 
v -0.215547 -0.214875 -5.42101e-20 
v -0.222595 -0.211631 0.0002 
v -0.222595 -0.211631 2.71051e-20 
v -0.227465 -0.208869 0.0002 
v -0.227465 -0.208869 0 
v -0.230995 -0.206439 0.0002 
v -0.230995 -0.206439 0 
v -0.233616 -0.204266 0.0002 
v -0.233616 -0.204266 0 
v -0.235763 -0.202109 0.0002 
v -0.235763 -0.202109 0 
v -0.237289 -0.200241 0.0002 
v -0.237289 -0.200241 0 
v -0.238484 -0.198448 0.0002 
v -0.238484 -0.198448 0 
v -0.239419 -0.19669 0.0002 
v -0.239419 -0.19669 0 
v -0.24014 -0.194923 0.0002 
v -0.24014 -0.194923 0 
v -0.240669 -0.1931 0.0002 
v -0.240669 -0.1931 2.71051e-20 
v -0.241011 -0.191171 0.0002 
v -0.241011 -0.191171 0 
v -0.241144 -0.189326 0.0002 
v -0.241144 -0.189326 0 
v -0.241092 -0.187338 0.0002 
v -0.241092 -0.187338 0 
v -0.240818 -0.185135 0.0002 
v -0.240818 -0.185135 -5.42101e-20 
v -0.240255 -0.182627 0.0002 
v -0.240255 -0.182627 0 
v -0.239288 -0.179679 0.0002 
v -0.239288 -0.179679 0 
v -0.237723 -0.176101 0.0002 
v -0.237723 -0.176101 0 
v -0.235168 -0.171505 0.0002 
v -0.235168 -0.171505 0 
v 0.192193 -0.0423845 0.0002 
v 0.399664 -0.0388791 0.0002 
v 0.399664 -0.0388791 2.71051e-20 
v 0.414652 -0.0379818 0 
v 0.368794 -0.0402202 0.0002 
v 0.368794 -0.0402202 0 
v 0.325194 -0.0413661 0.0002 
v 0.325194 -0.0413661 -2.71051e-20 
v 0.27157 -0.0420826 0.0002 
v 0.27157 -0.0420826 -2.71051e-20 
v 0.414652 -0.0379818 0.0002 
v 0.414652 -0.139583 0 
v 0.414652 -0.139583 0.0002 
v 0.419652 -0.139583 0 
v 0.419652 -0.139583 0.0002 
v 0.166527 -0.324484 0.0002 
v 0.190983 -0.324085 0.0002 
v 0.219469 -0.323374 0.0002 
v 0.152624 -0.324889 0.0002 
v 0.242105 -0.322349 0.0002 
v 0.264474 -0.320835 0.0002 
v 0.286703 -0.318788 0.0002 
v 0.308881 -0.316177 0.0002 
v 0.330937 -0.312994 0.0002 
v 0.352919 -0.309221 0.0002 
v 0.37472 -0.304867 0.0002 
v 0.396361 -0.299923 0.0002 
v 0.417735 -0.294411 0.0002 
v 0.438848 -0.288326 0.0002 
v 0.459596 -0.281701 0.0002 
v 0.479982 -0.274536 0.0002 
v 0.499911 -0.266869 0.0002 
v 0.518835 -0.258944 0.0002 
v 0.537765 -0.250346 0.0002 
v 0.556146 -0.241306 0.0002 
v 0.573902 -0.231871 0.0002 
v 0.141269 -0.325581 0.0002 
v 0.591025 -0.222059 0.0002 
v 0.607464 -0.211912 0.0002 
v 0.623188 -0.201465 0.0002 
v 0.638189 -0.190742 0.0002 
v 0.652417 -0.179797 0.0002 
v 0.66588 -0.168644 0.0002 
v 0.678547 -0.157333 0.0002 
v 0.69042 -0.145888 0.0002 
v 0.70156 -0.134266 0.0002 
v 0.711812 -0.122658 0.0002 
v 0.721266 -0.111004 0.0002 
v 0.729911 -0.0993482 0.0002 
v 0.737767 -0.0876997 0.0002 
v 0.744833 -0.0760967 0.0002 
v 0.751123 -0.0645564 0.0002 
v 0.75665 -0.0530975 0.0002 
v 0.761422 -0.0417519 0.0002 
v 0.0238287 0.176329 0.0002 
v 0.0184591 0.207312 0.0002 
v 0.765459 -0.0305193 0.0002 
v 0.0295272 0.142577 0.0002 
v 0.0334885 0.121077 0.0002 
v -0.0752323 -0.232475 0.0002 
v -0.0506284 -0.233403 0.0002 
v 0.768771 -0.0194327 0.0002 
v 0.0140544 0.229994 0.0002 
v -0.0990653 -0.230969 0.0002 
v 0.771376 -0.008497 0.0002 
v 0.0101815 0.24751 0.0002 
v -0.0262216 -0.233685 0.0002 
v 0.195973 0.284868 0.0002 
v 0.201931 0.226467 0.0002 
v 0.132297 -0.326646 0.0002 
v 0.773285 0.0022708 0.0002 
v 0.774514 0.0128595 0.0002 
v 0.0372408 0.103257 0.0002 
v -0.12135 -0.228983 0.0002 
v 0.205299 0.196662 0.0002 
v 0.192677 0.314024 0.0002 
v 0.775075 0.0232496 0.0002 
v 0.0061963 0.263314 0.0002 
v -0.00301099 -0.233301 0.0002 
v 0.774982 0.0334227 0.0002 
v 0.00205307 0.277674 0.0002 
v -0.14159 -0.22662 0.0002 
v 0.20887 0.169819 0.0002 
v 0.190148 0.332575 0.0002 
v 0.0408483 0.0886124 0.0002 
v 0.0181507 -0.232289 0.0002 
v 0.774246 0.0433781 0.0002 
v 0.772879 0.0530956 0.0002 
v -0.00228394 0.290804 0.0002 
v 0.0350257 -0.230911 0.0002 
v 0.212048 0.149872 0.0002 
v 0.770894 0.0625562 0.0002 
v -0.0068356 0.302849 0.0002 
v -0.15356 0.394986 0.0002 
v -0.144087 0.396344 0.0002 
v -0.16289 0.392989 0.0002 
v -0.159552 -0.223975 0.0002 
v 0.215258 0.132957 0.0002 
v 0.187673 0.347372 0.0002 
v 0.137284 0.288766 0.0002 
v 0.137701 0.334476 0.0002 
v 0.768298 0.0717533 0.0002 
v 0.61704 -0.632301 0.0002 
v 0.673618 -0.631812 0.0002 
v 0.0444093 0.0763727 0.0002 
v -0.171975 0.390384 0.0002 
v 0.0497361 -0.229166 0.0002 
v 0.425475 0.352973 0.0002 
v 0.420174 0.368597 0.0002 
v 0.136303 0.245634 0.0002 
v 0.765107 0.0806553 0.0002 
v 0.653626 -0.632106 0.0002 
v 0.718204 -0.630728 0.0002 
v -0.0116097 0.313907 0.0002 
v -0.134577 0.397044 0.0002 
v -0.17514 -0.22114 0.0002 
v 0.434336 0.326039 0.0002 
v 0.218509 0.118609 0.0002 
v 0.185186 0.359292 0.0002 
v 0.134848 0.208442 0.0002 
v 0.137723 0.345925 0.0002 
v 0.761328 0.0892547 0.0002 
v 0.758135 -0.629228 0.0002 
v -0.0166126 0.324063 0.0002 
v -0.180729 0.387204 0.0002 
v 0.0623878 -0.227124 0.0002 
v -0.214005 -0.0669289 0.0002 
v -0.206228 -0.0507099 0.0002 
v 0.545067 0.0639019 0.0002 
v 0.542722 0.0505095 0.0002 
v 0.53993 0.0338165 0.0002 
v 0.439982 0.310145 0.0002 
v 0.415711 0.38059 0.0002 
v 0.132992 0.176555 0.0002 
v 0.756979 0.0975188 0.0002 
v 0.584135 -0.63202 0.0002 
v 0.790836 -0.627508 0.0002 
v 0.809337 -0.62626 0.0002 
v 0.0479488 0.0661215 0.0002 
v -0.188482 -0.218173 0.0002 
v -0.217969 -0.0758702 0.0002 
v 0.547386 0.0747824 0.0002 
v 0.444635 0.298584 0.0002 
v 0.22179 0.106494 0.0002 
v 0.182689 0.368802 0.0002 
v 0.130806 0.149383 0.0002 
v 0.752072 0.105427 0.0002 
v 0.746627 0.11295 0.0002 
v 0.740974 0.119715 0.0002 
v -0.0220202 0.333673 0.0002 
v -0.189067 0.383494 0.0002 
v 0.0731665 -0.224839 0.0002 
v -0.202473 -0.0421717 0.0002 
v -0.226346 -0.164251 0.0002 
v -0.227368 -0.144743 0.0002 
v 0.537825 0.0237351 0.0002 
v 0.994204 -0.0697638 0.0002 
v 0.986772 -0.000479877 0.0002 
v 0.411725 0.390012 0.0002 
v 0.225091 0.0963135 0.0002 
v 0.128352 0.126372 0.0002 
v 0.554334 -0.631292 0.0002 
v -0.0275192 0.342228 0.0002 
v -0.125144 0.397081 0.0002 
v -0.199662 -0.215145 0.0002 
v -0.220837 -0.0834845 0.0002 
v -0.199455 -0.0341691 0.0002 
v -0.226141 -0.167345 0.0002 
v 1.00101 -0.137666 0.0002 
v 0.125688 0.107013 0.0002 
v 0.734547 0.1264 0.0002 
v 0.527142 -0.630136 0.0002 
v -0.0332758 0.350078 0.0002 
v -0.196973 0.379272 0.0002 
v 0.0822496 -0.222366 0.0002 
v -0.227609 -0.13054 0.0002 
v 0.549972 0.084543 0.0002 
v 0.976854 0.113625 0.0002 
v 0.983417 0.0395066 0.0002 
v 1.00628 -0.195362 0.0002 
v 0.448493 0.290286 0.0002 
v 0.408142 0.397249 0.0002 
v 0.461114 0.271779 0.0002 
v 0.463287 0.269862 0.0002 
v 0.227825 0.0891787 0.0002 
v 0.18036 0.375849 0.0002 
v 0.122863 0.09083 0.0002 
v 0.727665 0.132603 0.0002 
v 0.502116 -0.628566 0.0002 
v -0.0392925 0.357258 0.0002 
v -0.115864 0.396459 0.0002 
v -0.2089 -0.212095 0.0002 
v 0.190085 -0.0373845 0.0002 
v 0.185468 -0.0421507 0.0002 
v 0.174293 -0.0542873 0.0002 
v -0.197087 -0.026378 0.0002 
v -0.223123 -0.0910296 0.0002 
v -0.227264 -0.118647 0.0002 
v 0.656911 0.161949 0.0002 
v 0.651927 0.162226 0.0002 
v 0.6434 0.162192 0.0002 
v 0.552866 0.0934011 0.0002 
v 0.971538 0.168334 0.0002 
v 1.01026 -0.244707 0.0002 
v 0.559738 0.432055 0.0002 
v 0.51046 0.432061 0.0002 
v 0.231126 0.0819168 0.0002 
v 0.119929 0.0774156 0.0002 
v 0.72036 0.138297 0.0002 
v 0.477404 -0.62644 0.0002 
v 0.0518602 0.0566895 0.0002 
v -0.106815 0.395195 0.0002 
v -0.230373 0.35066 0.0002 
v -0.22407 0.357696 0.0002 
v -0.235698 0.344179 0.0002 
v 0.0906049 -0.21945 0.0002 
v 0.164608 -0.0657227 0.0002 
v -0.224914 -0.0988652 0.0002 
v -0.22637 -0.108278 0.0002 
v 0.635039 0.161516 0.0002 
v 0.535932 0.0168576 0.0002 
v 0.966982 0.210249 0.0002 
v 1.01317 -0.287242 0.0002 
v 0.66018 0.431848 0.0002 
v 0.452126 0.283608 0.0002 
v 0.404872 0.402732 0.0002 
v 0.465494 0.26826 0.0002 
v 0.509824 0.363956 0.0002 
v 0.51031 0.389291 0.0002 
v 0.178078 0.381357 0.0002 
v 0.712684 0.143445 0.0002 
v 0.455687 -0.624015 0.0002 
v -0.045581 0.363804 0.0002 
v -0.204462 0.374533 0.0002 
v -0.217915 0.363777 0.0002 
v -0.216395 -0.209065 0.0002 
v 0.156253 -0.0765577 0.0002 
v 0.123097 -0.157203 0.0002 
v 0.121817 -0.170519 0.0002 
v 0.626899 0.160213 0.0002 
v 0.558987 0.107694 0.0002 
v 0.556091 0.10152 0.0002 
v 0.962883 0.243366 0.0002 
v 1.01516 -0.324141 0.0002 
v 0.717638 0.431296 0.0002 
v 0.467378 0.267157 0.0002 
v 0.508975 0.34459 0.0002 
v 0.335828 0.289969 0.0002 
v 0.340217 0.33188 0.0002 
v 0.234408 0.075965 0.0002 
v 0.116909 0.0663161 0.0002 
v 0.704679 0.148019 0.0002 
v 0.102711 -0.420547 0.0002 
v 0.0878984 -0.402624 0.0002 
v 0.120822 -0.441532 0.0002 
v 0.435255 -0.62118 0.0002 
v 0.830913 -0.624454 0.0002 
v 1.01673 -0.409535 0.0002 
v 1.01685 -0.38462 0.0002 
v -0.0521549 0.369747 0.0002 
v -0.0980439 0.393305 0.0002 
v -0.211619 0.369211 0.0002 
v -0.229501 -0.201228 0.0002 
v -0.231368 -0.199489 0.0002 
v -0.226928 -0.203221 0.0002 
v -0.222573 -0.205964 0.0002 
v 0.0971884 -0.216504 0.0002 
v 0.149082 -0.0868962 0.0002 
v 0.124323 -0.148332 0.0002 
v 0.12069 -0.181495 0.0002 
v -0.195344 -0.0186594 0.0002 
v -0.225424 0.0759971 0.0002 
v -0.213669 0.0580147 0.0002 
v -0.220237 0.0678286 0.0002 
v 0.61901 0.1583 0.0002 
v 0.533836 0.0110101 0.0002 
v 0.959074 0.270013 0.0002 
v 1.01635 -0.356352 0.0002 
v 0.752807 0.430541 0.0002 
v 0.455378 0.278572 0.0002 
v 0.402403 0.406125 0.0002 
v 0.469182 0.26632 0.0002 
v 0.507788 0.329233 0.0002 
v 0.331533 0.25433 0.0002 
v 0.341431 0.344489 0.0002 
v 0.175779 0.385736 0.0002 
v 0.0886662 0.027119 0.0002 
v 0.0936567 0.0290173 0.0002 
v 0.113836 0.0572065 0.0002 
v 0.138033 0.352776 0.0002 
v 0.69641 0.151989 0.0002 
v 0.137887 -0.460279 0.0002 
v 0.415912 -0.61793 0.0002 
v 0.814337 -0.625879 0.0002 
v 0.85154 -0.622247 0.0002 
v 1.01607 -0.431607 0.0002 
v -0.0590204 0.375102 0.0002 
v -0.0896473 0.390834 0.0002 
v -0.232848 -0.197817 0.0002 
v 0.142965 -0.0968469 0.0002 
v 0.13779 -0.106521 0.0002 
v 0.126 -0.139612 0.0002 
v -0.194223 -0.010956 0.0002 
v -0.208122 0.0491029 0.0002 
v 0.611416 0.155796 0.0002 
v 0.780569 0.429512 0.0002 
v 0.400491 0.408294 0.0002 
v 0.458695 0.274329 0.0002 
v 0.506296 0.316725 0.0002 
v 0.32727 0.223732 0.0002 
v 0.237637 0.071184 0.0002 
v 0.15241 0.388281 0.0002 
v 0.15005 0.385575 0.0002 
v 0.0957911 0.0302842 0.0002 
v 0.110728 0.0497683 0.0002 
v 0.68793 0.155333 0.0002 
v 0.10129 -0.366386 0.0002 
v 0.10504 -0.352405 0.0002 
v 0.15406 -0.477061 0.0002 
v 0.397506 -0.61426 0.0002 
v 0.869262 -0.619833 0.0002 
v 1.01491 -0.451209 0.0002 
v -0.0661978 0.379889 0.0002 
v 0.0718639 0.0303051 0.0002 
v 0.0741961 0.0289875 0.0002 
v 0.133866 -0.115077 0.0002 
v 0.130608 -0.123498 0.0002 
v 0.127949 -0.131892 0.0002 
v -0.193729 -0.00325121 0.0002 
v -0.204158 0.0417803 0.0002 
v 0.60413 0.152712 0.0002 
v 0.563283 0.115454 0.0002 
v 0.955423 0.291914 0.0002 
v 0.803062 0.428216 0.0002 
v 0.398934 0.409753 0.0002 
v 0.470923 0.265708 0.0002 
v 0.504402 0.305721 0.0002 
v 0.354628 0.368943 0.0002 
v 0.345812 0.352841 0.0002 
v 0.323006 0.19732 0.0002 
v 0.24062 0.0675974 0.0002 
v 0.174133 0.388251 0.0002 
v 0.172701 0.39006 0.0002 
v 0.154564 0.390314 0.0002 
v 0.0978982 0.0318329 0.0002 
v 0.107667 0.043856 0.0002 
v 0.679309 0.158032 0.0002 
v 0.097784 -0.378183 0.0002 
v 0.169632 -0.492269 0.0002 
v 0.379917 -0.610162 0.0002 
v 0.884655 -0.617208 0.0002 
v 1.01331 -0.46867 0.0002 
v -0.073688 0.384107 0.0002 
v -0.0815068 0.387759 0.0002 
v 0.0633868 0.0378232 0.0002 
v 0.0664009 0.034626 0.0002 
v 0.0691352 0.0322382 0.0002 
v -0.233873 -0.196396 0.0002 
v -0.234649 -0.195062 0.0002 
v 0.102697 -0.213355 0.0002 
v -0.193875 0.00447913 0.0002 
v -0.228554 0.0817268 0.0002 
v 0.44149 -0.030731 0.0002 
v 0.419652 -0.032622 0.0002 
v 0.597187 0.149068 0.0002 
v 0.56798 0.122536 0.0002 
v 0.951857 0.310128 0.0002 
v 0.821712 0.426654 0.0002 
v 0.488253 0.270128 0.0002 
v 0.490185 0.272027 0.0002 
v 0.502146 0.296304 0.0002 
v 0.361925 0.381319 0.0002 
v 0.301023 0.108998 0.0002 
v 0.305366 0.121543 0.0002 
v 0.30567 0.122493 0.0002 
v 0.310069 0.137456 0.0002 
v 0.314406 0.154618 0.0002 
v 0.318721 0.174448 0.0002 
v 0.170191 0.392456 0.0002 
v 0.171314 0.3915 0.0002 
v 0.169168 0.393168 0.0002 
v 0.245432 0.0632666 0.0002 
v 0.247615 0.0618273 0.0002 
v 0.156467 0.391788 0.0002 
v 0.1001 0.0337984 0.0002 
v 0.104928 0.0395467 0.0002 
v 0.670609 0.160075 0.0002 
v 0.10733 -0.345151 0.0002 
v 0.184725 -0.506094 0.0002 
v 0.898192 -0.614361 0.0002 
v 1.00307 -0.522284 0.0002 
v 1.01129 -0.484294 0.0002 
v 0.106359 -0.210727 0.0002 
v 0.109237 -0.208201 0.0002 
v 0.119592 -0.188088 0.0002 
v -0.19467 0.0121679 0.0002 
v -0.200908 0.0346548 0.0002 
v 0.457942 -0.0287639 0.0002 
v 0.590638 0.144901 0.0002 
v 0.573074 0.128995 0.0002 
v 0.948312 0.325483 0.0002 
v 0.837417 0.42483 0.0002 
v 0.472642 0.265288 0.0002 
v 0.39645 0.411487 0.0002 
v 0.395515 0.41194 0.0002 
v 0.486425 0.268651 0.0002 
v 0.368096 0.390847 0.0002 
v 0.168227 0.393695 0.0002 
v 0.166698 0.394296 0.0002 
v 0.165818 0.394506 0.0002 
v 0.249695 0.0607298 0.0002 
v 0.161959 0.394376 0.0002 
v 0.160911 0.394082 0.0002 
v 0.147551 0.382073 0.0002 
v 0.102427 0.0363034 0.0002 
v 0.661911 0.161454 0.0002 
v 0.126197 -0.327888 0.0002 
v 0.0906619 -0.39673 0.0002 
v 0.0944753 -0.387539 0.0002 
v 0.19944 -0.518691 0.0002 
v 0.363023 -0.605623 0.0002 
v 0.91018 -0.611292 0.0002 
v 0.999641 -0.532641 0.0002 
v 1.0089 -0.498306 0.0002 
v 0.0556308 0.0491996 0.0002 
v 0.076402 0.0280119 0.0002 
v -0.23565 -0.184803 0.0002 
v -0.23524 -0.193759 0.0002 
v 0.111577 -0.2057 0.0002 
v 0.116902 -0.196976 0.0002 
v 0.118208 -0.193419 0.0002 
v -0.235739 0.114438 0.0002 
v -0.235698 0.1269 0.0002 
v -0.196131 0.0198532 0.0002 
v -0.198295 0.0275808 0.0002 
v 0.584409 0.140158 0.0002 
v 0.578547 0.134855 0.0002 
v 0.944745 0.338555 0.0002 
v 0.850822 0.422748 0.0002 
v 0.474334 0.265051 0.0002 
v 0.394674 0.41225 0.0002 
v 0.484553 0.267428 0.0002 
v 0.494464 0.277729 0.0002 
v 0.496888 0.282129 0.0002 
v 0.499633 0.288535 0.0002 
v 0.386744 0.410944 0.0002 
v 0.388142 0.411643 0.0002 
v 0.385044 0.409889 0.0002 
v 0.38253 0.407967 0.0002 
v 0.373364 0.398084 0.0002 
v 0.167314 0.394091 0.0002 
v 0.25171 0.0599071 0.0002 
v 0.159619 0.393585 0.0002 
v 0.158146 0.392846 0.0002 
v 0.213924 -0.530241 0.0002 
v 0.346732 -0.600631 0.0002 
v 0.920885 -0.60799 0.0002 
v 0.998043 -0.536847 0.0002 
v 1.00616 -0.510906 0.0002 
v 0.0595137 0.0428915 0.0002 
v 0.078515 0.0273154 0.0002 
v 0.0870636 0.0268007 0.0002 
v -0.235671 -0.192468 0.0002 
v 0.113676 -0.202939 0.0002 
v -0.235292 0.10621 0.0002 
v -0.231015 0.0872572 0.0002 
v 0.47289 -0.0263582 0.0002 
v 0.484988 -0.0237617 0.0002 
v 0.941124 0.349778 0.0002 
v 0.862397 0.420406 0.0002 
v 0.39752 0.410833 0.0002 
v 0.393892 0.412454 0.0002 
v 0.482868 0.266557 0.0002 
v 0.389326 0.412102 0.0002 
v 0.381635 0.407188 0.0002 
v 0.377719 0.403275 0.0002 
v 0.296704 0.0983072 0.0002 
v 0.253686 0.0593186 0.0002 
v 0.261864 0.0590191 0.0002 
v 0.138923 0.359329 0.0002 
v 0.122356 -0.329055 0.0002 
v 0.11036 -0.338553 0.0002 
v 0.109092 -0.340924 0.0002 
v 0.228259 -0.540849 0.0002 
v 0.33096 -0.595168 0.0002 
v 0.315296 -0.589078 0.0002 
v 0.929736 -0.604757 0.0002 
v 0.0850289 0.0265885 0.0002 
v -0.236001 -0.186705 0.0002 
v -0.23614 -0.188327 0.0002 
v -0.23613 -0.189624 0.0002 
v 0.115414 -0.20008 0.0002 
v -0.2344 0.0994091 0.0002 
v 0.494845 -0.0209979 0.0002 
v 0.531657 0.00627431 0.0002 
v 0.872492 0.417802 0.0002 
v 0.475959 0.264987 0.0002 
v 0.393069 0.412581 0.0002 
v 0.481218 0.265899 0.0002 
v 0.492246 0.274489 0.0002 
v 0.391418 0.41257 0.0002 
v 0.390352 0.41239 0.0002 
v 0.266864 0.0604669 0.0002 
v 0.243123 0.0651356 0.0002 
v 0.255829 0.0589138 0.0002 
v 0.260024 0.058796 0.0002 
v 0.162999 0.394566 0.0002 
v 0.140377 0.365687 0.0002 
v 0.11961 -0.330186 0.0002 
v 0.115865 -0.332384 0.0002 
v 0.117499 -0.331306 0.0002 
v 0.242511 -0.550601 0.0002 
v 0.939408 -0.600562 0.0002 
v 0.994165 -0.545813 0.0002 
v 0.0807746 0.0268219 0.0002 
v 0.0829349 0.02659 0.0002 
v -0.232003 -0.175976 0.0002 
v -0.228923 -0.171107 0.0002 
v -0.234993 -0.182512 0.0002 
v -0.233868 -0.179652 0.0002 
v -0.232942 0.0929915 0.0002 
v 0.502935 -0.0180803 0.0002 
v 0.529314 0.00221662 0.0002 
v 0.936999 0.360489 0.0002 
v 0.932762 0.369632 0.0002 
v 0.88138 0.414925 0.0002 
v 0.391284 0.412555 0.0002 
v 0.269122 0.0615292 0.0002 
v 0.292441 0.089297 0.0002 
v 0.257932 0.0587448 0.0002 
v 0.144823 0.377292 0.0002 
v 0.142365 0.371725 0.0002 
v 0.114257 -0.333696 0.0002 
v 0.111599 -0.336673 0.0002 
v 0.256778 -0.559593 0.0002 
v 0.300311 -0.582583 0.0002 
v 0.948062 -0.596068 0.0002 
v 0.989955 -0.553993 0.0002 
v 0.260915 -0.0371652 0.0002 
v 0.317229 -0.0365104 0.0002 
v -0.235972 -0.191099 0.0002 
v 0.509622 -0.0150121 0.0002 
v 0.526622 -0.00153954 0.0002 
v 0.928387 0.37749 0.0002 
v 0.923837 0.384305 0.0002 
v 0.889273 0.411761 0.0002 
v 0.477674 0.265094 0.0002 
v 0.479422 0.26539 0.0002 
v 0.271585 0.0629857 0.0002 
v 0.288261 0.0817991 0.0002 
v 0.112863 -0.335105 0.0002 
v 0.271123 -0.567886 0.0002 
v 0.285608 -0.575532 0.0002 
v 0.955831 -0.591272 0.0002 
v 0.985389 -0.561492 0.0002 
v 0.359044 -0.0355358 0.0002 
v 0.515178 -0.0117906 0.0002 
v 0.523572 -0.0049833 0.0002 
v 0.896353 0.408283 0.0002 
v 0.392256 0.412618 0.0002 
v 0.274248 0.0649171 0.0002 
v 0.280432 0.0709137 0.0002 
v 0.284171 0.075627 0.0002 
v 0.164904 0.394624 0.0002 
v 0.163939 0.394643 0.0002 
v 0.962853 -0.586145 0.0002 
v 0.980443 -0.568388 0.0002 
v 0.391946 -0.0342648 0.0002 
v 0.519832 -0.00839457 0.0002 
v 0.919064 0.390269 0.0002 
v 0.902755 0.404458 0.0002 
v 0.277169 0.0674805 0.0002 
v 0.661911 0.245975 0.0002 
v 0.656911 0.245975 0.0002 
v 0.969239 -0.580655 0.0002 
v 0.975078 -0.574754 0.0002 
v 0.414652 -0.0329706 0.0002 
v 0.914011 0.395538 0.0002 
v 0.90861 0.40023 0.0002 
v 0.809337 -0.535688 0.0002 
v 0.414652 0.0548136 0.0002 
v 0.266864 0.0135321 0.0002 
v 0.814337 -0.535688 0.0002 
v 0.419652 0.0548136 0.0002 
v 0.261864 0.0135321 0.0002 
v 0.0942459 -0.0872509 0.0002 
v 0.089246 -0.0872762 0.0002 
v 0.219469 -0.323374 2.1684e-19 
v 0.190983 -0.324085 2.1684e-19 
v 0.166527 -0.324484 2.1684e-19 
v 0.242105 -0.322349 2.1684e-19 
v 0.264474 -0.320835 2.1684e-19 
v 0.152624 -0.324889 2.1684e-19 
v 0.286703 -0.318788 2.1684e-19 
v 0.308881 -0.316177 2.1684e-19 
v 0.330937 -0.312994 2.71051e-19 
v 0.352919 -0.309221 2.1684e-19 
v 0.37472 -0.304867 2.1684e-19 
v 0.396361 -0.299923 2.71051e-19 
v 0.417735 -0.294411 2.43945e-19 
v 0.438848 -0.288326 2.43945e-19 
v 0.459596 -0.281701 2.71051e-19 
v 0.479982 -0.274536 2.1684e-19 
v 0.499911 -0.266869 2.1684e-19 
v 0.518835 -0.258944 2.43945e-19 
v 0.537765 -0.250346 2.71051e-19 
v 0.556146 -0.241306 2.1684e-19 
v 0.573902 -0.231871 2.71051e-19 
v 0.591025 -0.222059 2.71051e-19 
v 0.607464 -0.211912 2.1684e-19 
v 0.141269 -0.325581 2.1684e-19 
v 0.623188 -0.201465 2.71051e-19 
v 0.638189 -0.190742 2.71051e-19 
v 0.652417 -0.179797 2.71051e-19 
v 0.66588 -0.168644 2.43945e-19 
v 0.678547 -0.157333 2.71051e-19 
v 0.69042 -0.145888 2.43945e-19 
v 0.70156 -0.134266 2.43945e-19 
v 0.986772 -0.000479877 0 
v 1.00101 -0.137666 -8.13152e-20 
v 0.994204 -0.0697638 -5.42101e-20 
v 0.711812 -0.122658 2.43945e-19 
v 1.00628 -0.195362 -1.0842e-19 
v 0.721266 -0.111004 2.1684e-19 
v 1.01026 -0.244707 -1.0842e-19 
v 0.983417 0.0395066 2.71051e-19 
v 0.729911 -0.0993482 2.43945e-19 
v 1.01317 -0.287242 -8.13152e-20 
v 0.976854 0.113625 2.71051e-19 
v 0.737767 -0.0876997 2.43945e-19 
v 1.01516 -0.324141 -1.0842e-19 
v 0.971538 0.168334 2.71051e-19 
v 0.751123 -0.0645564 2.43945e-19 
v 0.744833 -0.0760967 2.1684e-19 
v -0.0752323 -0.232475 -2.71051e-19 
v -0.0506284 -0.233403 -2.43945e-19 
v -0.0990653 -0.230969 -2.98156e-19 
v 1.01635 -0.356352 -5.42101e-20 
v 0.966982 0.210249 3.25261e-19 
v 0.75665 -0.0530975 2.1684e-19 
v -0.12135 -0.228983 -2.98156e-19 
v 1.01685 -0.38462 -8.13152e-20 
v 0.962883 0.243366 3.25261e-19 
v -0.0262216 -0.233685 -2.98156e-19 
v 0.761422 -0.0417519 2.1684e-19 
v 0.0184591 0.207312 4.87891e-19 
v 0.0295272 0.142577 4.60786e-19 
v 0.0238287 0.176329 4.87891e-19 
v -0.14159 -0.22662 -2.98156e-19 
v 0.959074 0.270013 2.71051e-19 
v 1.01673 -0.409535 -1.0842e-19 
v 0.765459 -0.0305193 2.1684e-19 
v 0.205299 0.196662 5.42101e-20 
v 0.201931 0.226467 1.0842e-19 
v 0.195973 0.284868 8.13152e-20 
v 0.0334885 0.121077 4.87891e-19 
v -0.00301099 -0.233301 -2.98156e-19 
v 0.768771 -0.0194327 2.1684e-19 
v 0.0140544 0.229994 4.33681e-19 
v -0.159552 -0.223975 -2.98156e-19 
v 1.01607 -0.431607 -8.13152e-20 
v 0.773285 0.0022708 2.1684e-19 
v 0.20887 0.169819 5.42101e-20 
v 0.0101815 0.24751 4.60786e-19 
v 0.0181507 -0.232289 -2.43945e-19 
v 0.955423 0.291914 3.25261e-19 
v 0.775075 0.0232496 2.1684e-19 
v 0.774514 0.0128595 2.1684e-19 
v 0.771376 -0.008497 2.43945e-19 
v 0.137284 0.288766 2.43945e-19 
v 0.192677 0.314024 8.13152e-20 
v 0.0372408 0.103257 4.33681e-19 
v 0.0350257 -0.230911 -2.98156e-19 
v 1.01491 -0.451209 -1.0842e-19 
v 0.653626 -0.632106 8.13152e-20 
v 0.673618 -0.631812 5.42101e-20 
v 0.61704 -0.632301 5.42101e-20 
v 0.774982 0.0334227 2.71051e-19 
v 0.132297 -0.326646 2.43945e-19 
v 0.137723 0.345925 0 
v 0.137701 0.334476 2.43945e-19 
v 0.212048 0.149872 8.13152e-20 
v 0.0061963 0.263314 4.60786e-19 
v 0.542722 0.0505095 0 
v 0.545067 0.0639019 -5.42101e-20 
v -0.17514 -0.22114 -2.98156e-19 
v 0.425475 0.352973 2.71051e-20 
v 0.420174 0.368597 5.42101e-20 
v 0.434336 0.326039 5.42101e-20 
v 1.01331 -0.46867 -5.42101e-20 
v 0.718204 -0.630728 1.0842e-19 
v 0.774246 0.0433781 2.71051e-19 
v 0.136303 0.245634 2.43945e-19 
v 0.215258 0.132957 5.42101e-20 
v 0.190148 0.332575 8.13152e-20 
v 0.00205307 0.277674 4.33681e-19 
v 0.53993 0.0338165 -5.42101e-20 
v 0.0497361 -0.229166 -2.98156e-19 
v 0.439982 0.310145 2.71051e-20 
v 0.951857 0.310128 2.71051e-19 
v 0.758135 -0.629228 8.13152e-20 
v 0.134848 0.208442 2.71051e-19 
v 0.0408483 0.0886124 4.33681e-19 
v 0.547386 0.0747824 0 
v 0.537825 0.0237351 0 
v -0.188482 -0.218173 -2.71051e-19 
v 0.415711 0.38059 5.42101e-20 
v 1.01129 -0.484294 -5.42101e-20 
v 0.809337 -0.62626 0 
v 0.790836 -0.627508 1.0842e-19 
v 0.584135 -0.63202 5.42101e-20 
v 0.772879 0.0530956 2.71051e-19 
v 0.132992 0.176555 2.71051e-19 
v 0.218509 0.118609 5.42101e-20 
v -0.00228394 0.290804 4.33681e-19 
v 0.549972 0.084543 -2.71051e-20 
v 0.0623878 -0.227124 -2.71051e-19 
v 0.948312 0.325483 2.98156e-19 
v 0.770894 0.0625562 2.43945e-19 
v 0.130806 0.149383 2.43945e-19 
v 0.187673 0.347372 8.13152e-20 
v -0.15356 0.394986 4.60786e-19 
v -0.144087 0.396344 4.33681e-19 
v -0.0068356 0.302849 4.33681e-19 
v 0.552866 0.0934011 0 
v -0.199662 -0.215145 -2.98156e-19 
v 0.411725 0.390012 5.42101e-20 
v 1.0089 -0.498306 -5.42101e-20 
v 0.554334 -0.631292 5.42101e-20 
v 0.768298 0.0717533 2.71051e-19 
v 0.128352 0.126372 2.1684e-19 
v 0.22179 0.106494 8.13152e-20 
v -0.16289 0.392989 4.87891e-19 
v 0.0444093 0.0763727 4.60786e-19 
v 0.556091 0.10152 -5.42101e-20 
v 0.651927 0.162226 -2.71051e-20 
v 0.656911 0.161949 0 
v 0.0731665 -0.224839 -2.71051e-19 
v 0.448493 0.290286 0 
v 0.444635 0.298584 2.71051e-20 
v 0.51046 0.432061 0 
v 0.66018 0.431848 2.71051e-19 
v 0.559738 0.432055 3.25261e-19 
v 1.00616 -0.510906 -5.42101e-20 
v 0.999641 -0.532641 -1.0842e-19 
v 1.00307 -0.522284 -1.0842e-19 
v 0.85154 -0.622247 -8.13152e-20 
v 0.814337 -0.625879 0 
v 0.830913 -0.624454 -8.13152e-20 
v 0.527142 -0.630136 8.13152e-20 
v 0.765107 0.0806553 2.43945e-19 
v 0.125688 0.107013 2.43945e-19 
v 0.185186 0.359292 1.0842e-19 
v 0.225091 0.0963135 1.0842e-19 
v -0.214005 -0.0669289 2.71051e-19 
v -0.134577 0.397044 4.60786e-19 
v -0.0116097 0.313907 4.33681e-19 
v 0.535932 0.0168576 -2.71051e-20 
v 0.6434 0.162192 -2.71051e-20 
v -0.2089 -0.212095 -2.98156e-19 
v 0.461114 0.271779 5.42101e-20 
v 0.408142 0.397249 5.42101e-20 
v 0.717638 0.431296 2.71051e-19 
v 0.944745 0.338555 3.25261e-19 
v 0.869262 -0.619833 -5.42101e-20 
v 0.502116 -0.628566 1.0842e-19 
v 0.761328 0.0892547 2.71051e-19 
v 0.122863 0.09083 2.71051e-19 
v 0.182689 0.368802 1.0842e-19 
v -0.217969 -0.0758702 2.43945e-19 
v -0.206228 -0.0507099 2.43945e-19 
v -0.171975 0.390384 4.33681e-19 
v -0.0166126 0.324063 4.87891e-19 
v 0.635039 0.161516 0 
v 0.0822496 -0.222366 -2.98156e-19 
v 0.341431 0.344489 0 
v 0.340217 0.33188 2.71051e-20 
v 0.335828 0.289969 2.71051e-20 
v 0.463287 0.269862 2.71051e-20 
v 0.458695 0.274329 0 
v 0.452126 0.283608 5.42101e-20 
v 0.752807 0.430541 2.98156e-19 
v 0.998043 -0.536847 -5.42101e-20 
v 0.994165 -0.545813 -5.42101e-20 
v 0.884655 -0.617208 -8.13152e-20 
v 0.477404 -0.62644 5.42101e-20 
v 0.746627 0.11295 2.71051e-19 
v 0.752072 0.105427 2.1684e-19 
v 0.756979 0.0975188 2.43945e-19 
v 0.119929 0.0774156 2.1684e-19 
v 0.138033 0.352776 5.42101e-20 
v 0.227825 0.0891787 5.42101e-20 
v -0.226346 -0.164251 2.71051e-19 
v -0.202473 -0.0421717 2.71051e-19 
v -0.125144 0.397081 4.87891e-19 
v 0.0479488 0.0661215 4.33681e-19 
v 0.558987 0.107694 -5.42101e-20 
v 0.533836 0.0110101 0 
v 0.626899 0.160213 0 
v 0.174293 -0.0542873 -2.71051e-19 
v 0.185468 -0.0421507 -2.43945e-19 
v -0.216395 -0.209065 -2.43945e-19 
v 0.331533 0.25433 5.42101e-20 
v 0.51031 0.389291 0 
v 0.465494 0.26826 0 
v 0.404872 0.402732 5.42101e-20 
v 0.780569 0.429512 2.71051e-19 
v 0.898192 -0.614361 -1.0842e-19 
v 0.455687 -0.624015 5.42101e-20 
v -0.227368 -0.144743 2.71051e-19 
v -0.227609 -0.13054 2.71051e-19 
v -0.199455 -0.0341691 2.71051e-19 
v -0.220837 -0.0834845 2.98156e-19 
v -0.180729 0.387204 4.87891e-19 
v -0.0220202 0.333673 4.33681e-19 
v 0.563283 0.115454 -2.71051e-20 
v 0.61901 0.1583 0 
v 0.164608 -0.0657227 -2.98156e-19 
v 0.190085 -0.0373845 0 
v 0.0906049 -0.21945 -2.43945e-19 
v 0.32727 0.223732 5.42101e-20 
v 0.509824 0.363956 5.42101e-20 
v 0.467378 0.267157 0 
v 0.455378 0.278572 2.71051e-20 
v 0.803062 0.428216 3.25261e-19 
v 0.941124 0.349778 2.98156e-19 
v 0.936999 0.360489 2.98156e-19 
v 0.91018 -0.611292 -1.0842e-19 
v 0.435255 -0.62118 1.0842e-19 
v 0.120822 -0.441532 1.0842e-19 
v 0.0878984 -0.402624 0 
v 0.740974 0.119715 2.1684e-19 
v 0.116909 0.0663161 2.43945e-19 
v 0.231126 0.0819168 1.0842e-19 
v -0.227264 -0.118647 2.98156e-19 
v -0.197087 -0.026378 2.71051e-19 
v -0.115864 0.396459 4.87891e-19 
v -0.0275192 0.342228 4.33681e-19 
v 0.56798 0.122536 -5.42101e-20 
v 0.611416 0.155796 -5.42101e-20 
v 0.12069 -0.181495 -2.43945e-19 
v 0.121817 -0.170519 -2.98156e-19 
v 0.123097 -0.157203 -2.43945e-19 
v 0.156253 -0.0765577 -2.43945e-19 
v -0.222573 -0.205964 -2.98156e-19 
v 0.323006 0.19732 5.42101e-20 
v 0.508975 0.34459 2.71051e-20 
v 0.469182 0.26632 5.42101e-20 
v 0.402403 0.406125 5.42101e-20 
v 0.821712 0.426654 2.71051e-19 
v 0.920885 -0.60799 -5.42101e-20 
v 0.415912 -0.61793 5.42101e-20 
v 0.137887 -0.460279 5.42101e-20 
v 0.102711 -0.420547 8.13152e-20 
v 0.734547 0.1264 2.1684e-19 
v 0.113836 0.0572065 2.43945e-19 
v 0.18036 0.375849 1.0842e-19 
v 0.178078 0.381357 1.0842e-19 
v -0.22637 -0.108278 2.71051e-19 
v -0.223123 -0.0910296 2.43945e-19 
v -0.189067 0.383494 4.87891e-19 
v -0.0332758 0.350078 4.33681e-19 
v 0.573074 0.128995 -2.71051e-20 
v 0.60413 0.152712 0 
v 0.419652 -0.032622 0 
v 0.124323 -0.148332 -2.98156e-19 
v 0.149082 -0.0868962 -2.43945e-19 
v 0.0971884 -0.216504 -2.43945e-19 
v -0.226928 -0.203221 -2.71051e-19 
v -0.229501 -0.201228 -2.98156e-19 
v -0.231368 -0.199489 -2.71051e-19 
v 0.318721 0.174448 5.42101e-20 
v 0.310069 0.137456 5.42101e-20 
v 0.30567 0.122493 2.71051e-20 
v 0.305366 0.121543 0 
v 0.507788 0.329233 5.42101e-20 
v 0.400491 0.408294 5.42101e-20 
v 0.837417 0.42483 2.71051e-19 
v 0.989955 -0.553993 -8.13152e-20 
v 0.929736 -0.604757 -1.0842e-19 
v 0.397506 -0.61426 1.0842e-19 
v 0.15406 -0.477061 8.13152e-20 
v 0.10129 -0.366386 2.71051e-19 
v 0.661911 0.161454 0 
v 0.670609 0.160075 2.71051e-19 
v 0.727665 0.132603 2.1684e-19 
v 0.110728 0.0497683 2.1684e-19 
v 0.234408 0.075965 1.0842e-19 
v -0.224914 -0.0988652 2.98156e-19 
v -0.106815 0.395195 4.60786e-19 
v -0.0392925 0.357258 4.87891e-19 
v 0.578547 0.134855 0 
v 0.597187 0.149068 0 
v 0.44149 -0.030731 0 
v 0.126 -0.139612 -2.98156e-19 
v 0.13779 -0.106521 -2.43945e-19 
v 0.142965 -0.0968469 -2.71051e-19 
v -0.232848 -0.197817 -2.43945e-19 
v 0.314406 0.154618 2.71051e-20 
v 0.345812 0.352841 5.42101e-20 
v 0.354628 0.368943 5.42101e-20 
v 0.506296 0.316725 5.42101e-20 
v 0.470923 0.265708 5.42101e-20 
v 0.398934 0.409753 0 
v 0.850822 0.422748 2.98156e-19 
v 0.985389 -0.561492 -5.42101e-20 
v 0.939408 -0.600562 -8.13152e-20 
v 0.379917 -0.610162 5.42101e-20 
v 0.169632 -0.492269 8.13152e-20 
v 0.10504 -0.352405 2.1684e-19 
v 0.097784 -0.378183 2.1684e-19 
v 0.679309 0.158032 2.71051e-19 
v 0.72036 0.138297 2.43945e-19 
v 0.107667 0.043856 2.1684e-19 
v 0.175779 0.385736 5.42101e-20 
v -0.230373 0.35066 4.60786e-19 
v -0.235698 0.344179 0 
v -0.22407 0.357696 4.87891e-19 
v -0.0980439 0.393305 4.33681e-19 
v 0.0518602 0.0566895 4.87891e-19 
v 0.584409 0.140158 -5.42101e-20 
v 0.590638 0.144901 0 
v 0.457942 -0.0287639 -2.71051e-20 
v 0.47289 -0.0263582 0 
v 0.119592 -0.188088 -2.98156e-19 
v 0.130608 -0.123498 -2.71051e-19 
v 0.133866 -0.115077 -2.71051e-19 
v 0.301023 0.108998 0 
v 0.361925 0.381319 5.42101e-20 
v 0.504402 0.305721 2.71051e-20 
v 0.490185 0.272027 0 
v 0.488253 0.270128 2.71051e-20 
v 0.486425 0.268651 0 
v 0.862397 0.420406 2.98156e-19 
v 0.932762 0.369632 3.25261e-19 
v 0.948062 -0.596068 -8.13152e-20 
v 0.363023 -0.605623 5.42101e-20 
v 0.184725 -0.506094 5.42101e-20 
v 0.10733 -0.345151 2.71051e-19 
v 0.68793 0.155333 2.1684e-19 
v 0.704679 0.148019 2.43945e-19 
v 0.712684 0.143445 2.43945e-19 
v 0.15241 0.388281 8.13152e-20 
v 0.15005 0.385575 8.13152e-20 
v 0.154564 0.390314 8.13152e-20 
v 0.237637 0.071184 8.13152e-20 
v -0.220237 0.0678286 2.71051e-19 
v -0.225424 0.0759971 2.98156e-19 
v -0.217915 0.363777 4.33681e-19 
v -0.196973 0.379272 4.33681e-19 
v -0.045581 0.363804 4.33681e-19 
v 0.127949 -0.131892 -2.71051e-19 
v 0.102697 -0.213355 -2.43945e-19 
v -0.233873 -0.196396 -2.71051e-19 
v -0.234649 -0.195062 -2.98156e-19 
v 0.368096 0.390847 5.42101e-20 
v 0.502146 0.296304 2.71051e-20 
v 0.499633 0.288535 2.71051e-20 
v 0.484553 0.267428 0 
v 0.39645 0.411487 0 
v 0.395515 0.41194 0 
v 0.39752 0.410833 2.71051e-20 
v 0.472642 0.265288 5.42101e-20 
v 0.872492 0.417802 2.71051e-19 
v 0.980443 -0.568388 -1.0842e-19 
v 0.955831 -0.591272 -5.42101e-20 
v 0.346732 -0.600631 8.13152e-20 
v 0.19944 -0.518691 5.42101e-20 
v 0.0944753 -0.387539 2.71051e-19 
v 0.0906619 -0.39673 2.71051e-19 
v 0.69641 0.151989 2.71051e-19 
v 0.138923 0.359329 8.13152e-20 
v 0.156467 0.391788 1.0842e-19 
v 0.174133 0.388251 8.13152e-20 
v 0.172701 0.39006 1.0842e-19 
v 0.24062 0.0675974 8.13152e-20 
v -0.213669 0.0580147 2.43945e-19 
v -0.208122 0.0491029 2.43945e-19 
v -0.195344 -0.0186594 2.71051e-19 
v -0.226141 -0.167345 0 
v -0.211619 0.369211 4.33681e-19 
v -0.0896473 0.390834 4.87891e-19 
v -0.0521549 0.369747 4.33681e-19 
v 0.531657 0.00627431 -5.42101e-20 
v 0.484988 -0.0237617 -5.42101e-20 
v 0.106359 -0.210727 -2.43945e-19 
v 0.109237 -0.208201 -2.43945e-19 
v 0.296704 0.0983072 0 
v 0.292441 0.089297 5.42101e-20 
v 0.373364 0.398084 0 
v 0.385044 0.409889 2.71051e-20 
v 0.386744 0.410944 2.71051e-20 
v 0.388142 0.411643 0 
v 0.496888 0.282129 0 
v 0.494464 0.277729 2.71051e-20 
v 0.492246 0.274489 0 
v 0.482868 0.266557 2.71051e-20 
v 0.394674 0.41225 5.42101e-20 
v 0.474334 0.265051 0 
v 0.88138 0.414925 3.25261e-19 
v 0.975078 -0.574754 -5.42101e-20 
v 0.962853 -0.586145 -1.0842e-19 
v 0.33096 -0.595168 1.0842e-19 
v 0.213924 -0.530241 5.42101e-20 
v 0.126197 -0.327888 2.1684e-19 
v 0.140377 0.365687 5.42101e-20 
v 0.158146 0.392846 5.42101e-20 
v 0.247615 0.0618273 1.0842e-19 
v 0.245432 0.0632666 8.13152e-20 
v 0.243123 0.0651356 1.0842e-19 
v 0.170191 0.392456 1.0842e-19 
v 0.171314 0.3915 5.42101e-20 
v -0.204158 0.0417803 2.43945e-19 
v -0.194223 -0.010956 2.71051e-19 
v -0.204462 0.374533 4.60786e-19 
v -0.0815068 0.387759 4.87891e-19 
v -0.0590204 0.375102 4.33681e-19 
v 0.529314 0.00221662 -5.42101e-20 
v 0.494845 -0.0209979 -5.42101e-20 
v 0.118208 -0.193419 -2.71051e-19 
v 0.116902 -0.196976 -2.98156e-19 
v 0.115414 -0.20008 -2.98156e-19 
v 0.111577 -0.2057 -2.43945e-19 
v -0.23524 -0.193759 -2.98156e-19 
v 0.288261 0.0817991 0 
v 0.377719 0.403275 2.71051e-20 
v 0.381635 0.407188 0 
v 0.38253 0.407967 0 
v 0.389326 0.412102 0 
v 0.481218 0.265899 5.42101e-20 
v 0.393892 0.412454 2.71051e-20 
v 0.889273 0.411761 3.25261e-19 
v 0.969239 -0.580655 -8.13152e-20 
v 0.228259 -0.540849 1.0842e-19 
v 0.109092 -0.340924 2.43945e-19 
v 0.111599 -0.336673 2.1684e-19 
v 0.11036 -0.338553 2.71051e-19 
v 0.122356 -0.329055 2.71051e-19 
v 0.147551 0.382073 1.0842e-19 
v 0.161959 0.394376 1.0842e-19 
v 0.160911 0.394082 1.0842e-19 
v 0.162999 0.394566 5.42101e-20 
v 0.249695 0.0607298 5.42101e-20 
v 0.166698 0.394296 1.0842e-19 
v 0.165818 0.394506 1.0842e-19 
v 0.167314 0.394091 8.13152e-20 
v 0.169168 0.393168 1.0842e-19 
v -0.228554 0.0817268 2.43945e-19 
v -0.193729 -0.00325121 2.43945e-19 
v 0.0741961 0.0289875 4.60786e-19 
v 0.0718639 0.0303051 4.87891e-19 
v 0.0691352 0.0322382 4.33681e-19 
v -0.0661978 0.379889 4.33681e-19 
v 0.526622 -0.00153954 -5.42101e-20 
v 0.502935 -0.0180803 -5.42101e-20 
v 0.113676 -0.202939 -2.98156e-19 
v -0.235671 -0.192468 -2.43945e-19 
v 0.284171 0.075627 2.71051e-20 
v 0.390352 0.41239 2.71051e-20 
v 0.392256 0.412618 5.42101e-20 
v 0.391418 0.41257 0 
v 0.479422 0.26539 2.71051e-20 
v 0.393069 0.412581 0 
v 0.475959 0.264987 5.42101e-20 
v 0.896353 0.408283 3.25261e-19 
v 0.928387 0.37749 2.98156e-19 
v 0.315296 -0.589078 1.0842e-19 
v 0.300311 -0.582583 1.0842e-19 
v 0.242511 -0.550601 1.0842e-19 
v 0.117499 -0.331306 2.43945e-19 
v 0.11961 -0.330186 2.71051e-19 
v 0.159619 0.393585 1.0842e-19 
v 0.25171 0.0599071 5.42101e-20 
v 0.168227 0.393695 1.0842e-19 
v -0.200908 0.0346548 2.43945e-19 
v -0.193875 0.00447913 2.98156e-19 
v 0.0664009 0.034626 4.87891e-19 
v 0.0633868 0.0378232 4.60786e-19 
v 0.0595137 0.0428915 4.87891e-19 
v -0.073688 0.384107 4.33681e-19 
v 0.523572 -0.0049833 -2.71051e-20 
v 0.509622 -0.0150121 0 
v 0.317229 -0.0365104 0 
v 0.260915 -0.0371652 5.42101e-20 
v 0.391284 0.412555 0 
v 0.902755 0.404458 2.98156e-19 
v 0.923837 0.384305 2.71051e-19 
v 0.285608 -0.575532 1.0842e-19 
v 0.256778 -0.559593 8.13152e-20 
v 0.112863 -0.335105 2.1684e-19 
v 0.115865 -0.332384 2.1684e-19 
v 0.114257 -0.333696 2.43945e-19 
v 0.142365 0.371725 5.42101e-20 
v 0.261864 0.0590191 0 
v 0.260024 0.058796 1.0842e-19 
v 0.253686 0.0593186 8.13152e-20 
v -0.198295 0.0275808 2.98156e-19 
v -0.19467 0.0121679 2.98156e-19 
v -0.235698 0.1269 0 
v -0.235739 0.114438 2.98156e-19 
v -0.233868 -0.179652 -2.98156e-19 
v -0.232003 -0.175976 -2.98156e-19 
v -0.228923 -0.171107 -2.71051e-19 
v 0.519832 -0.00839457 -2.71051e-20 
v 0.515178 -0.0117906 -5.42101e-20 
v 0.359044 -0.0355358 5.42101e-20 
v 0.477674 0.265094 5.42101e-20 
v 0.90861 0.40023 3.25261e-19 
v 0.919064 0.390269 2.98156e-19 
v 0.271123 -0.567886 5.42101e-20 
v 0.269122 0.0615292 5.42101e-20 
v 0.266864 0.0604669 0 
v 0.163939 0.394643 8.13152e-20 
v 0.257932 0.0587448 8.13152e-20 
v 0.255829 0.0589138 5.42101e-20 
v -0.231015 0.0872572 2.71051e-19 
v -0.196131 0.0198532 2.43945e-19 
v 0.0886662 0.027119 0 
v 0.0870636 0.0268007 4.87891e-19 
v 0.076402 0.0280119 4.33681e-19 
v 0.0556308 0.0491996 4.60786e-19 
v -0.235972 -0.191099 -2.43945e-19 
v -0.23613 -0.189624 -2.98156e-19 
v -0.23614 -0.188327 -2.43945e-19 
v 0.391946 -0.0342648 2.71051e-20 
v 0.914011 0.395538 2.71051e-19 
v 0.271585 0.0629857 5.42101e-20 
v 0.144823 0.377292 1.0842e-19 
v 0.0957911 0.0302842 2.1684e-19 
v 0.0936567 0.0290173 0 
v -0.235292 0.10621 2.43945e-19 
v -0.234993 -0.182512 -2.71051e-19 
v 0.0850289 0.0265885 4.33681e-19 
v 0.078515 0.0273154 4.87891e-19 
v 0.414652 -0.0329706 0 
v 0.656911 0.245975 0 
v 0.661911 0.245975 0 
v 0.274248 0.0649171 5.42101e-20 
v 0.0978982 0.0318329 2.71051e-19 
v -0.232942 0.0929915 2.43945e-19 
v -0.2344 0.0994091 2.43945e-19 
v -0.23565 -0.184803 -2.43945e-19 
v 0.0829349 0.02659 4.33681e-19 
v 0.414652 0.0548136 0 
v 0.419652 0.0548136 0 
v 0.809337 -0.535688 0 
v 0.814337 -0.535688 0 
v 0.277169 0.0674805 2.71051e-20 
v 0.164904 0.394624 8.13152e-20 
v 0.1001 0.0337984 2.1684e-19 
v -0.236001 -0.186705 -2.98156e-19 
v 0.0807746 0.0268219 4.60786e-19 
v 0.280432 0.0709137 0 
v 0.102427 0.0363034 2.1684e-19 
v 0.266864 0.0135321 0 
v 0.261864 0.0135321 0 
v 0.104928 0.0395467 2.1684e-19 
v 0.0942459 -0.0872509 0 
v 0.089246 -0.0872762 0 
o mesh0
f 1 2 3
f 4 5 1
f 6 7 5
f 8 9 7
f 10 11 9
f 12 13 11
f 14 15 13
f 16 17 15
f 18 19 17
f 20 21 19
f 22 23 21
f 24 25 23
f 26 27 25
f 28 29 27
f 30 31 29
f 32 33 31
f 34 35 33
f 36 37 35
f 38 39 37
f 40 41 39
f 42 43 41
f 44 45 43
f 46 47 45
f 48 49 47
f 50 51 49
f 52 53 51
f 54 55 53
f 56 57 55
f 58 59 57
f 60 61 59
f 62 63 61
f 64 65 63
f 66 67 65
f 68 69 67
f 70 71 69
f 72 73 71
f 74 75 73
f 76 77 75
f 78 79 77
f 77 76 78
f 75 74 76
f 73 72 74
f 71 70 72
f 69 68 70
f 67 66 68
f 65 64 66
f 63 62 64
f 61 60 62
f 59 58 60
f 57 56 58
f 55 54 56
f 53 52 54
f 51 50 52
f 49 48 50
f 47 46 48
f 45 44 46
f 43 42 44
f 41 40 42
f 39 38 40
f 37 36 38
f 35 34 36
f 33 32 34
f 31 30 32
f 29 28 30
f 27 26 28
f 25 24 26
f 23 22 24
f 21 20 22
f 19 18 20
f 17 16 18
f 15 14 16
f 13 12 14
f 11 10 12
f 9 8 10
f 7 6 8
f 5 4 6
f 1 80 4
f 3 80 1
o mesh1
f 3 2 81
f 81 82 3
o mesh2
f 82 81 83
f 83 84 82
o mesh3
f 84 83 85
f 85 86 84
o mesh4
f 87 88 89
f 90 91 88
f 92 93 91
f 94 95 93
f 96 97 95
f 98 99 97
f 100 101 99
f 102 103 101
f 104 105 103
f 106 107 105
f 108 109 107
f 110 111 109
f 112 113 111
f 114 115 113
f 116 117 115
f 118 119 117
f 120 121 119
f 122 123 121
f 124 125 123
f 126 127 125
f 128 129 127
f 130 131 129
f 132 133 131
f 134 135 133
f 136 137 135
f 138 139 137
f 140 141 139
f 142 143 141
f 144 145 143
f 146 147 145
f 148 149 147
f 150 151 149
f 152 153 151
f 154 155 153
f 156 157 155
f 158 159 157
f 160 161 159
f 162 163 161
f 164 165 163
f 166 167 165
f 168 169 167
f 170 171 169
f 172 173 171
f 174 175 173
f 176 177 175
f 178 179 177
f 180 181 179
f 182 183 181
f 184 185 183
f 186 187 185
f 188 189 187
f 190 191 189
f 192 193 191
f 194 195 193
f 196 197 195
f 198 199 197
f 200 201 199
f 202 203 201
f 204 205 203
f 206 207 205
f 208 209 207
f 210 211 209
f 212 213 211
f 214 215 213
f 216 217 215
f 218 219 217
f 220 221 219
f 222 223 221
f 224 225 223
f 226 227 225
f 228 229 227
f 230 231 229
f 232 233 231
f 234 235 233
f 236 237 235
f 238 239 237
f 240 241 239
f 242 243 241
f 244 245 243
f 246 247 245
f 248 249 247
f 86 85 249
f 249 248 86
f 247 246 248
f 245 244 246
f 243 242 244
f 241 240 242
f 239 238 240
f 237 236 238
f 235 234 236
f 233 232 234
f 231 230 232
f 229 228 230
f 227 226 228
f 225 224 226
f 223 222 224
f 221 220 222
f 219 218 220
f 217 216 218
f 215 214 216
f 213 212 214
f 211 210 212
f 209 208 210
f 207 206 208
f 205 204 206
f 203 202 204
f 201 200 202
f 199 198 200
f 197 196 198
f 195 194 196
f 193 192 194
f 191 190 192
f 189 188 190
f 187 186 188
f 185 184 186
f 183 182 184
f 181 180 182
f 179 178 180
f 177 176 178
f 175 174 176
f 173 172 174
f 171 170 172
f 169 168 170
f 167 166 168
f 165 164 166
f 163 162 164
f 161 160 162
f 159 158 160
f 157 156 158
f 155 154 156
f 153 152 154
f 151 150 152
f 149 148 150
f 147 146 148
f 145 144 146
f 143 142 144
f 141 140 142
f 139 138 140
f 137 136 138
f 135 134 136
f 133 132 134
f 131 130 132
f 129 128 130
f 127 126 128
f 125 124 126
f 123 122 124
f 121 120 122
f 119 118 120
f 117 116 118
f 115 114 116
f 113 112 114
f 111 110 112
f 109 108 110
f 107 106 108
f 105 104 106
f 103 102 104
f 101 100 102
f 99 98 100
f 97 96 98
f 95 94 96
f 93 92 94
f 91 90 92
f 88 87 90
f 89 250 87
o mesh5
f 251 252 253
f 254 255 252
f 256 257 255
f 258 259 257
f 260 261 259
f 262 263 261
f 264 265 263
f 266 267 265
f 268 269 267
f 270 271 269
f 272 273 271
f 274 275 273
f 276 277 275
f 278 279 277
f 280 281 279
f 282 283 281
f 284 285 283
f 286 287 285
f 288 289 287
f 290 291 289
f 292 293 291
f 294 295 293
f 296 297 295
f 298 299 297
f 300 301 299
f 302 303 301
f 304 305 303
f 306 307 305
f 308 309 307
f 310 311 309
f 312 313 311
f 314 315 313
f 316 317 315
f 318 319 317
f 250 89 319
f 319 318 250
f 317 316 318
f 315 314 316
f 313 312 314
f 311 310 312
f 309 308 310
f 307 306 308
f 305 304 306
f 303 302 304
f 301 300 302
f 299 298 300
f 297 296 298
f 295 294 296
f 293 292 294
f 291 290 292
f 289 288 290
f 287 286 288
f 285 284 286
f 283 282 284
f 281 280 282
f 279 278 280
f 277 276 278
f 275 274 276
f 273 272 274
f 271 270 272
f 269 268 270
f 267 266 268
f 265 264 266
f 263 262 264
f 261 260 262
f 259 258 260
f 257 256 258
f 255 254 256
f 252 251 254
f 253 320 251
o mesh6
f 320 253 321
f 321 322 320
o mesh7
f 322 321 323
f 323 324 322
o mesh8
f 324 323 325
f 325 326 324
o mesh9
f 327 328 329
f 330 331 328
f 332 333 331
f 334 335 333
f 336 337 335
f 338 339 337
f 340 341 339
f 342 343 341
f 344 345 343
f 346 347 345
f 348 349 347
f 350 351 349
f 352 353 351
f 354 355 353
f 356 357 355
f 358 359 357
f 360 361 359
f 362 363 361
f 364 365 363
f 366 367 365
f 368 369 367
f 370 371 369
f 372 373 371
f 374 375 373
f 376 377 375
f 378 379 377
f 380 381 379
f 382 383 381
f 384 385 383
f 386 387 385
f 388 389 387
f 390 391 389
f 392 393 391
f 394 395 393
f 396 397 395
f 398 399 397
f 326 325 399
f 399 398 326
f 397 396 398
f 395 394 396
f 393 392 394
f 391 390 392
f 389 388 390
f 387 386 388
f 385 384 386
f 383 382 384
f 381 380 382
f 379 378 380
f 377 376 378
f 375 374 376
f 373 372 374
f 371 370 372
f 369 368 370
f 367 366 368
f 365 364 366
f 363 362 364
f 361 360 362
f 359 358 360
f 357 356 358
f 355 354 356
f 353 352 354
f 351 350 352
f 349 348 350
f 347 346 348
f 345 344 346
f 343 342 344
f 341 340 342
f 339 338 340
f 337 336 338
f 335 334 336
f 333 332 334
f 331 330 332
f 328 327 330
f 329 400 327
o mesh10
f 401 402 403
f 404 405 402
f 406 407 405
f 408 409 407
f 410 411 409
f 412 413 411
f 414 415 413
f 416 417 415
f 418 419 417
f 420 421 419
f 422 423 421
f 424 425 423
f 426 427 425
f 428 429 427
f 430 431 429
f 432 433 431
f 434 435 433
f 436 437 435
f 438 439 437
f 440 441 439
f 442 443 441
f 444 445 443
f 446 447 445
f 448 449 447
f 450 451 449
f 452 453 451
f 454 455 453
f 456 457 455
f 458 459 457
f 460 461 459
f 462 463 461
f 464 465 463
f 466 467 465
f 400 329 467
f 467 466 400
f 465 464 466
f 463 462 464
f 461 460 462
f 459 458 460
f 457 456 458
f 455 454 456
f 453 452 454
f 451 450 452
f 449 448 450
f 447 446 448
f 445 444 446
f 443 442 444
f 441 440 442
f 439 438 440
f 437 436 438
f 435 434 436
f 433 432 434
f 431 430 432
f 429 428 430
f 427 426 428
f 425 424 426
f 423 422 424
f 421 420 422
f 419 418 420
f 417 416 418
f 415 414 416
f 413 412 414
f 411 410 412
f 409 408 410
f 407 406 408
f 405 404 406
f 402 401 404
f 403 468 401
o mesh11
f 469 470 471
f 472 473 470
f 474 475 473
f 476 477 475
f 478 479 477
f 480 481 479
f 482 483 481
f 484 485 483
f 486 487 485
f 488 489 487
f 490 491 489
f 492 493 491
f 494 495 493
f 496 497 495
f 498 499 497
f 500 501 499
f 502 503 501
f 504 505 503
f 506 507 505
f 508 509 507
f 510 511 509
f 512 513 511
f 514 515 513
f 516 517 515
f 518 519 517
f 520 521 519
f 522 523 521
f 524 525 523
f 526 527 525
f 528 529 527
f 530 531 529
f 532 533 531
f 534 535 533
f 536 537 535
f 538 539 537
f 540 541 539
f 542 543 541
f 544 545 543
f 546 547 545
f 548 549 547
f 550 551 549
f 552 553 551
f 554 555 553
f 556 557 555
f 558 559 557
f 560 561 559
f 562 563 561
f 564 565 563
f 566 567 565
f 568 569 567
f 570 571 569
f 572 573 571
f 574 575 573
f 576 577 575
f 578 579 577
f 580 581 579
f 582 583 581
f 584 585 583
f 586 587 585
f 588 589 587
f 590 591 589
f 592 593 591
f 594 595 593
f 596 597 595
f 598 599 597
f 468 403 599
f 599 598 468
f 597 596 598
f 595 594 596
f 593 592 594
f 591 590 592
f 589 588 590
f 587 586 588
f 585 584 586
f 583 582 584
f 581 580 582
f 579 578 580
f 577 576 578
f 575 574 576
f 573 572 574
f 571 570 572
f 569 568 570
f 567 566 568
f 565 564 566
f 563 562 564
f 561 560 562
f 559 558 560
f 557 556 558
f 555 554 556
f 553 552 554
f 551 550 552
f 549 548 550
f 547 546 548
f 545 544 546
f 543 542 544
f 541 540 542
f 539 538 540
f 537 536 538
f 535 534 536
f 533 532 534
f 531 530 532
f 529 528 530
f 527 526 528
f 525 524 526
f 523 522 524
f 521 520 522
f 519 518 520
f 517 516 518
f 515 514 516
f 513 512 514
f 511 510 512
f 509 508 510
f 507 506 508
f 505 504 506
f 503 502 504
f 501 500 502
f 499 498 500
f 497 496 498
f 495 494 496
f 493 492 494
f 491 490 492
f 489 488 490
f 487 486 488
f 485 484 486
f 483 482 484
f 481 480 482
f 479 478 480
f 477 476 478
f 475 474 476
f 473 472 474
f 470 469 472
f 471 600 469
o mesh12
f 601 602 603
f 604 605 602
f 606 607 605
f 608 609 607
f 610 611 609
f 612 613 611
f 614 615 613
f 616 617 615
f 618 619 617
f 620 621 619
f 622 623 621
f 624 625 623
f 626 627 625
f 628 629 627
f 630 631 629
f 632 633 631
f 634 635 633
f 636 637 635
f 600 471 637
f 637 636 600
f 635 634 636
f 633 632 634
f 631 630 632
f 629 628 630
f 627 626 628
f 625 624 626
f 623 622 624
f 621 620 622
f 619 618 620
f 617 616 618
f 615 614 616
f 613 612 614
f 611 610 612
f 609 608 610
f 607 606 608
f 605 604 606
f 602 601 604
f 603 638 601
o mesh13
f 638 603 639
f 639 640 638
o mesh14
f 640 639 641
f 641 642 640
o mesh15
f 642 641 643
f 643 644 642
o mesh16
f 645 646 647
f 648 649 646
f 650 651 649
f 652 653 651
f 654 655 653
f 656 657 655
f 658 659 657
f 660 661 659
f 662 663 661
f 664 665 663
f 666 667 665
f 668 669 667
f 670 671 669
f 672 673 671
f 674 675 673
f 676 677 675
f 678 679 677
f 680 681 679
f 682 683 681
f 684 685 683
f 686 685 684
f 687 688 686
f 689 690 688
f 691 692 690
f 693 694 692
f 695 696 694
f 697 698 696
f 699 700 698
f 701 702 700
f 703 704 702
f 705 706 704
f 707 708 706
f 709 710 708
f 711 712 710
f 713 714 712
f 715 716 714
f 717 718 716
f 719 720 718
f 721 722 720
f 723 724 722
f 725 726 724
f 727 728 726
f 729 730 728
f 731 732 730
f 733 734 732
f 735 736 734
f 737 738 736
f 739 740 738
f 741 742 740
f 743 744 742
f 745 746 744
f 747 748 746
f 749 750 748
f 751 752 750
f 753 754 752
f 755 756 754
f 757 758 756
f 759 760 758
f 761 762 760
f 644 643 762
f 762 761 644
f 760 759 761
f 758 757 759
f 756 755 757
f 754 753 755
f 752 751 753
f 750 749 751
f 748 747 749
f 746 745 747
f 744 743 745
f 742 741 743
f 740 739 741
f 738 737 739
f 736 735 737
f 734 733 735
f 732 731 733
f 730 729 731
f 728 727 729
f 726 725 727
f 724 723 725
f 722 721 723
f 720 719 721
f 718 717 719
f 716 715 717
f 714 713 715
f 712 711 713
f 710 709 711
f 708 707 709
f 706 705 707
f 704 703 705
f 702 701 703
f 700 699 701
f 698 697 699
f 696 695 697
f 694 693 695
f 692 691 693
f 690 689 691
f 688 687 689
f 686 763 687
f 684 763 686
f 683 682 684
f 681 680 682
f 679 678 680
f 677 676 678
f 675 674 676
f 673 672 674
f 671 670 672
f 669 668 670
f 667 666 668
f 665 664 666
f 663 662 664
f 661 660 662
f 659 658 660
f 657 656 658
f 655 654 656
f 653 652 654
f 651 650 652
f 649 648 650
f 646 645 648
f 647 764 645
o mesh17
f 765 766 767
f 768 769 766
f 770 771 769
f 772 773 771
f 774 775 773
f 776 777 775
f 778 779 777
f 780 781 779
f 782 783 781
f 784 785 783
f 786 787 785
f 788 789 787
f 790 791 789
f 792 793 791
f 794 795 793
f 796 797 795
f 798 799 797
f 764 647 799
f 799 798 764
f 797 796 798
f 795 794 796
f 793 792 794
f 791 790 792
f 789 788 790
f 787 786 788
f 785 784 786
f 783 782 784
f 781 780 782
f 779 778 780
f 777 776 778
f 775 774 776
f 773 772 774
f 771 770 772
f 769 768 770
f 766 765 768
f 767 800 765
o mesh18
f 800 767 801
f 801 802 800
o mesh19
f 802 801 803
f 803 804 802
o mesh20
f 804 803 805
f 805 806 804
o mesh21
f 807 808 809
f 810 811 808
f 812 813 811
f 814 815 813
f 816 817 815
f 818 819 817
f 820 821 819
f 822 823 821
f 824 825 823
f 826 827 825
f 828 829 827
f 830 831 829
f 832 833 831
f 834 835 833
f 836 837 835
f 838 839 837
f 840 841 839
f 842 843 841
f 844 845 843
f 846 847 845
f 848 849 847
f 850 851 849
f 852 853 851
f 854 855 853
f 856 857 855
f 858 859 857
f 860 861 859
f 862 863 861
f 864 865 863
f 866 867 865
f 868 869 867
f 870 871 869
f 872 873 871
f 874 875 873
f 876 877 875
f 878 879 877
f 880 881 879
f 882 883 881
f 884 885 883
f 886 887 885
f 888 889 887
f 890 891 889
f 892 893 891
f 894 895 893
f 896 897 895
f 898 899 897
f 900 901 899
f 902 903 901
f 904 905 903
f 906 907 905
f 908 909 907
f 910 911 909
f 912 913 911
f 914 915 913
f 916 917 915
f 918 917 916
f 919 920 918
f 921 922 920
f 923 924 922
f 805 924 923
f 923 806 805
f 922 921 923
f 920 919 921
f 918 925 919
f 916 925 918
f 915 914 916
f 913 912 914
f 911 910 912
f 909 908 910
f 907 906 908
f 905 904 906
f 903 902 904
f 901 900 902
f 899 898 900
f 897 896 898
f 895 894 896
f 893 892 894
f 891 890 892
f 889 888 890
f 887 886 888
f 885 884 886
f 883 882 884
f 881 880 882
f 879 878 880
f 877 876 878
f 875 874 876
f 873 872 874
f 871 870 872
f 869 868 870
f 867 866 868
f 865 864 866
f 863 862 864
f 861 860 862
f 859 858 860
f 857 856 858
f 855 854 856
f 853 852 854
f 851 850 852
f 849 848 850
f 847 846 848
f 845 844 846
f 843 842 844
f 841 840 842
f 839 838 840
f 837 836 838
f 835 834 836
f 833 832 834
f 831 830 832
f 829 828 830
f 827 826 828
f 825 824 826
f 823 822 824
f 821 820 822
f 819 818 820
f 817 816 818
f 815 814 816
f 813 812 814
f 811 810 812
f 808 807 810
f 809 926 807
o mesh22
f 926 809 927
f 927 928 926
o mesh23
f 929 930 931
f 932 933 930
f 934 935 933
f 936 937 935
f 938 939 937
f 940 941 939
f 942 943 941
f 944 945 943
f 946 947 945
f 948 949 947
f 950 951 949
f 952 953 951
f 954 955 953
f 956 957 955
f 958 959 957
f 960 961 959
f 962 963 961
f 964 965 963
f 966 967 965
f 968 969 967
f 970 971 969
f 972 973 971
f 974 975 973
f 976 977 975
f 978 979 977
f 980 981 979
f 982 983 981
f 984 985 983
f 986 987 985
f 988 989 987
f 990 991 989
f 992 993 991
f 928 927 993
f 993 992 928
f 991 990 992
f 989 988 990
f 987 986 988
f 985 984 986
f 983 982 984
f 981 980 982
f 979 978 980
f 977 976 978
f 975 974 976
f 973 972 974
f 971 970 972
f 969 968 970
f 967 966 968
f 965 964 966
f 963 962 964
f 961 960 962
f 959 958 960
f 957 956 958
f 955 954 956
f 953 952 954
f 951 950 952
f 949 948 950
f 947 946 948
f 945 944 946
f 943 942 944
f 941 940 942
f 939 938 940
f 937 936 938
f 935 934 936
f 933 932 934
f 930 929 932
f 931 994 929
o mesh24
f 995 996 997
f 998 999 996
f 1000 1001 999
f 1002 1003 1001
f 1004 1005 1003
f 1006 1007 1005
f 1008 1009 1007
f 1010 1011 1009
f 1012 1013 1011
f 1014 1015 1013
f 1016 1017 1015
f 1018 1019 1017
f 1020 1021 1019
f 1022 1023 1021
f 1024 1025 1023
f 1026 1027 1025
f 1028 1029 1027
f 1030 1031 1029
f 1032 1033 1031
f 1034 1035 1033
f 1036 1037 1035
f 1038 1039 1037
f 1040 1041 1039
f 1042 1043 1041
f 1044 1045 1043
f 1046 1047 1045
f 1048 1049 1047
f 1050 1051 1049
f 1052 1053 1051
f 1054 1055 1053
f 1056 1057 1055
f 1058 1059 1057
f 1060 1061 1059
f 1062 1063 1061
f 1064 1065 1063
f 1066 1067 1065
f 1068 1069 1067
f 1070 1071 1069
f 1072 1073 1071
f 1074 1075 1073
f 1076 1077 1075
f 1078 1079 1077
f 1080 1081 1079
f 1082 1083 1081
f 1084 1085 1083
f 1086 1087 1085
f 1088 1089 1087
f 1090 1091 1089
f 1092 1093 1091
f 1094 1095 1093
f 1096 1097 1095
f 1098 1099 1097
f 1100 1101 1099
f 1102 1103 1101
f 1104 1105 1103
f 1106 1107 1105
f 1108 1109 1107
f 1110 1111 1109
f 1112 1113 1111
f 1114 1115 1113
f 1116 1117 1115
f 1118 1119 1117
f 994 931 1119
f 1119 1118 994
f 1117 1116 1118
f 1115 1114 1116
f 1113 1112 1114
f 1111 1110 1112
f 1109 1108 1110
f 1107 1106 1108
f 1105 1104 1106
f 1103 1102 1104
f 1101 1100 1102
f 1099 1098 1100
f 1097 1096 1098
f 1095 1094 1096
f 1093 1092 1094
f 1091 1090 1092
f 1089 1088 1090
f 1087 1086 1088
f 1085 1084 1086
f 1083 1082 1084
f 1081 1080 1082
f 1079 1078 1080
f 1077 1076 1078
f 1075 1074 1076
f 1073 1072 1074
f 1071 1070 1072
f 1069 1068 1070
f 1067 1066 1068
f 1065 1064 1066
f 1063 1062 1064
f 1061 1060 1062
f 1059 1058 1060
f 1057 1056 1058
f 1055 1054 1056
f 1053 1052 1054
f 1051 1050 1052
f 1049 1048 1050
f 1047 1046 1048
f 1045 1044 1046
f 1043 1042 1044
f 1041 1040 1042
f 1039 1038 1040
f 1037 1036 1038
f 1035 1034 1036
f 1033 1032 1034
f 1031 1030 1032
f 1029 1028 1030
f 1027 1026 1028
f 1025 1024 1026
f 1023 1022 1024
f 1021 1020 1022
f 1019 1018 1020
f 1017 1016 1018
f 1015 1014 1016
f 1013 1012 1014
f 1011 1010 1012
f 1009 1008 1010
f 1007 1006 1008
f 1005 1004 1006
f 1003 1002 1004
f 1001 1000 1002
f 999 998 1000
f 996 995 998
f 997 1120 995
o mesh25
f 1121 1122 1123
f 1124 1125 1122
f 1126 1127 1125
f 1128 1129 1127
f 1120 997 1129
f 1129 1128 1120
f 1127 1126 1128
f 1125 1124 1126
f 1122 1121 1124
f 1123 1130 1121
o mesh26
f 1130 1123 1131
f 1131 1132 1130
o mesh27
f 1132 1131 1133
f 1133 1134 1132
o mesh28
f 1134 1133 79
f 79 78 1134
o mesh29
f 126 1135 1136
f 1137 130 128
f 128 1136 1137
f 126 1138 1135
f 1139 132 130
f 130 1137 1139
f 1140 134 132
f 132 1139 1140
f 1141 136 134
f 134 1140 1141
f 1142 138 136
f 136 1141 1142
f 1143 140 138
f 138 1142 1143
f 1144 142 140
f 140 1143 1144
f 1145 144 142
f 142 1144 1145
f 1146 146 144
f 144 1145 1146
f 1147 148 146
f 146 1146 1147
f 1148 150 148
f 148 1147 1148
f 1149 152 150
f 150 1148 1149
f 1150 154 152
f 152 1149 1150
f 1151 156 154
f 154 1150 1151
f 1152 158 156
f 156 1151 1152
f 1153 160 158
f 158 1152 1153
f 1154 162 160
f 160 1153 1154
f 1155 164 162
f 162 1154 1155
f 124 1156 1138
f 1138 126 124
f 1157 166 164
f 164 1155 1157
f 1158 168 166
f 166 1157 1158
f 1159 170 168
f 168 1158 1159
f 1160 172 170
f 170 1159 1160
f 1161 174 172
f 172 1160 1161
f 1162 176 174
f 174 1161 1162
f 1163 178 176
f 176 1162 1163
f 1164 180 178
f 178 1163 1164
f 1165 182 180
f 180 1164 1165
f 1166 184 182
f 182 1165 1166
f 1167 186 184
f 184 1166 1167
f 1168 188 186
f 186 1167 1168
f 1169 190 188
f 188 1168 1169
f 1170 192 190
f 1171 194 192
f 190 1169 1170
f 192 1170 1171
f 1171 1172 194
f 1172 1173 196
f 884 882 1174
f 1175 1174 882
f 196 194 1172
f 1173 1176 198
f 882 880 1175
f 884 1177 1178
f 1066 1064 1179
f 1064 1062 1180
f 198 196 1173
f 1176 1181 200
f 1178 886 884
f 1182 1175 880
f 1068 1066 1183
f 1180 1179 1064
f 200 198 1176
f 1181 1184 202
f 880 878 1182
f 1185 1182 878
f 1179 1183 1066
f 1062 1060 1186
f 1187 1188 717
f 719 717 1188
f 202 200 1181
f 122 1189 1156
f 1190 1191 206
f 878 876 1185
f 1192 888 886
f 1070 1068 1193
f 1186 1180 1062
f 1188 1194 719
f 713 1195 1187
f 1156 124 122
f 1184 1190 204
f 1191 208 206
f 1196 210 208
f 886 1178 1192
f 1197 1185 876
f 1183 1193 1068
f 1198 1186 1060
f 1187 715 713
f 721 719 1194
f 204 202 1184
f 208 1191 1196
f 1199 212 210
f 876 874 1197
f 874 872 1200
f 1072 1070 1201
f 1060 1058 1198
f 1194 1202 721
f 711 1203 1195
f 206 204 1190
f 210 1196 1199
f 1200 1197 874
f 1204 890 888
f 1193 1201 1070
f 1205 1198 1058
f 1195 713 711
f 723 721 1202
f 1199 1206 212
f 1206 1207 214
f 888 1192 1204
f 872 870 1208
f 1058 1056 1205
f 1209 1205 1056
f 1202 1210 723
f 725 723 1210
f 214 212 1206
f 1207 1211 216
f 1208 1200 872
f 870 868 1212
f 828 1213 1214
f 826 1215 1213
f 1074 1072 1216
f 1056 1054 1209
f 1210 1217 725
f 709 1218 1203
f 1219 1220 798
f 216 214 1207
f 1211 1221 218
f 1222 262 260
f 260 258 1223
f 1212 1208 870
f 1224 892 890
f 1213 828 826
f 824 1225 1215
f 1201 1216 1072
f 1226 1209 1054
f 528 526 1227
f 526 524 1228
f 1203 711 709
f 727 725 1217
f 796 1229 1219
f 764 798 1220
f 218 216 1211
f 1221 1230 220
f 1223 1231 260
f 258 256 1232
f 890 1204 1224
f 868 866 1233
f 830 1214 1234
f 1215 826 824
f 1076 1074 1235
f 1054 1052 1226
f 1228 1227 526
f 530 528 1236
f 1217 1237 727
f 707 1238 1218
f 794 1239 1229
f 1220 1240 764
f 220 218 1221
f 1230 1241 222
f 1232 1223 258
f 1242 1232 256
f 1233 1212 868
f 866 864 1243
f 1214 830 828
f 822 1244 1225
f 1216 1235 1074
f 1245 1226 1052
f 1246 1247 948
f 1248 1249 40
f 1249 1250 42
f 1236 1251 530
f 1252 1228 524
f 1218 709 707
f 729 727 1237
f 792 1253 1239
f 798 796 1219
f 222 220 1230
f 1241 1254 224
f 1255 264 262
f 256 254 1242
f 1256 1242 254
f 1257 1256 251
f 1243 1233 866
f 892 1224 1258
f 834 832 1234
f 1225 824 822
f 1078 1076 1259
f 1052 1050 1245
f 1247 950 948
f 1260 1246 946
f 38 1261 1248
f 1250 44 42
f 524 522 1252
f 1251 1262 532
f 1237 1263 729
f 731 729 1263
f 705 1264 1238
f 790 1265 1253
f 1229 796 794
f 224 222 1241
f 1254 1266 226
f 1266 1267 228
f 1267 1268 230
f 260 1231 1222
f 251 320 1257
f 1258 894 892
f 1269 1243 864
f 1234 832 830
f 820 1270 1244
f 1235 1259 1076
f 1271 1245 1050
f 946 944 1260
f 1272 952 950
f 1273 1274 929
f 1275 46 44
f 42 40 1249
f 330 327 1276
f 1277 1276 327
f 532 530 1251
f 1278 1252 522
f 1263 1279 731
f 1238 707 705
f 788 1280 1265
f 1239 794 792
f 226 224 1254
f 230 228 1267
f 1281 266 264
f 254 251 1256
f 864 862 1269
f 862 860 1282
f 836 834 1283
f 1244 822 820
f 1080 1078 1284
f 1050 1048 1271
f 950 1247 1272
f 944 942 1285
f 1286 954 952
f 932 929 1274
f 994 1287 1273
f 1261 38 36
f 40 38 1248
f 332 330 1288
f 327 400 1277
f 522 520 1278
f 534 532 1262
f 705 703 1264
f 733 731 1279
f 786 1289 1280
f 1253 792 790
f 228 226 1266
f 1268 1290 232
f 1291 268 266
f 262 1222 1255
f 1282 1269 862
f 860 858 1292
f 1234 1283 834
f 818 1293 1270
f 1259 1284 1078
f 1294 1271 1048
f 1285 1260 944
f 952 1272 1286
f 934 932 1295
f 929 994 1273
f 1296 36 34
f 44 1250 1275
f 466 1297 1298
f 334 332 1299
f 1276 1288 330
f 1262 1300 534
f 1301 1278 520
f 1302 1303 544
f 1279 1304 733
f 701 1305 1264
f 784 1306 1289
f 1265 790 788
f 232 230 1268
f 1290 1307 234
f 1308 270 268
f 264 1255 1281
f 1292 1282 860
f 858 856 1309
f 838 836 1310
f 1270 820 818
f 1082 1080 1311
f 1048 1046 1294
f 1120 1312 1313
f 1314 998 995
f 1286 1315 954
f 942 940 1316
f 936 934 1317
f 1274 1295 932
f 1318 1319 80
f 1319 1320 4
f 1321 34 32
f 36 1296 1261
f 1298 400 466
f 464 1322 1297
f 336 334 1323
f 1288 1299 332
f 404 401 1324
f 1325 1324 401
f 520 518 1301
f 536 534 1300
f 1302 542 540
f 1303 546 544
f 1264 703 701
f 1326 735 733
f 782 1327 1306
f 1280 788 786
f 234 232 1290
f 1307 1328 236
f 1329 272 270
f 266 1281 1291
f 1309 1292 858
f 1330 896 894
f 840 838 1331
f 1283 1310 836
f 807 1332 1333
f 807 926 1334
f 1284 1311 1080
f 1046 1044 1335
f 995 1313 1314
f 1336 1000 998
f 1316 1285 942
f 940 938 1337
f 938 936 1338
f 1295 1317 934
f 4 80 1319
f 1320 1339 6
f 46 1275 1340
f 34 1321 1296
f 1297 466 464
f 462 1341 1322
f 338 336 1342
f 1299 1323 334
f 406 404 1343
f 401 468 1325
f 1300 1344 536
f 1345 1301 518
f 544 542 1302
f 1346 548 546
f 596 1347 1348
f 1325 468 598
f 733 1304 1326
f 701 699 1349
f 645 764 1240
f 1289 786 784
f 236 234 1307
f 1328 1350 238
f 272 1329 1351
f 268 1291 1308
f 894 1258 1330
f 856 854 1352
f 1310 1331 838
f 816 1353 1293
f 810 1333 1354
f 1334 1332 807
f 1084 1082 1355
f 1335 1294 1046
f 998 1314 1336
f 1356 1002 1000
f 1357 1358 1020
f 1022 1020 1358
f 1337 1316 940
f 1317 1338 936
f 6 4 1320
f 1339 1359 8
f 30 1360 1361
f 32 1361 1321
f 1322 464 462
f 460 1362 1341
f 340 338 1363
f 1323 1342 336
f 408 406 1364
f 1324 1343 404
f 518 516 1345
f 538 536 1344
f 546 1303 1346
f 1365 550 548
f 594 1366 1347
f 598 1348 1325
f 1367 1368 636
f 600 636 1368
f 1349 1305 701
f 1369 737 735
f 780 1370 1327
f 1306 784 782
f 238 236 1328
f 1350 1371 240
f 318 1372 1373
f 1374 1372 318
f 274 1351 1375
f 270 1308 1329
f 326 398 1376
f 346 344 1377
f 344 342 1378
f 1352 1309 856
f 854 852 1379
f 842 840 1380
f 1293 818 816
f 812 1354 1381
f 1333 810 807
f 1090 1382 1383
f 1088 1384 1382
f 1086 1084 1385
f 1311 1355 1082
f 1044 1042 1386
f 1000 1336 1356
f 1387 1004 1002
f 1388 1357 1018
f 1358 1389 1022
f 1338 1337 938
f 1315 1390 956
f 1391 980 978
f 976 1392 1393
f 8 6 1339
f 1359 1394 10
f 48 1340 1395
f 1340 48 46
f 1341 462 460
f 458 1396 1362
f 342 340 1397
f 1342 1363 338
f 410 408 1398
f 1343 1364 406
f 1344 1399 538
f 516 514 1400
f 548 1346 1365
f 1401 552 550
f 592 1402 1366
f 1348 598 596
f 1403 1367 634
f 1368 1404 600
f 735 1326 1369
f 699 697 1405
f 770 1406 1407
f 778 1408 1370
f 1240 1409 645
f 240 238 1350
f 1371 1410 242
f 318 316 1374
f 1411 1374 316
f 276 1375 1412
f 1351 274 272
f 1413 320 326
f 1414 1376 398
f 348 346 1415
f 1378 1377 344
f 1379 1352 854
f 852 850 1416
f 844 842 1417
f 1331 1380 840
f 814 1381 1353
f 1354 812 810
f 1092 1383 1418
f 1382 1090 1088
f 1384 1088 1086
f 1386 1335 1044
f 1002 1356 1387
f 1419 1006 1004
f 1420 1008 1006
f 1421 1388 1016
f 1020 1018 1357
f 956 954 1315
f 1390 1422 958
f 976 974 1423
f 1393 978 976
f 10 8 1359
f 1394 1424 12
f 1360 30 28
f 1361 32 30
f 1362 460 458
f 1363 1397 340
f 412 410 1425
f 1364 1398 408
f 1400 1345 516
f 514 512 1426
f 1427 540 538
f 550 1365 1401
f 590 1428 1402
f 1347 596 594
f 1429 1403 632
f 636 634 1367
f 1405 1349 699
f 1430 739 737
f 662 660 1431
f 660 658 1432
f 1407 1433 770
f 776 1434 1408
f 1327 782 780
f 242 240 1371
f 1410 1435 244
f 1436 1437 96
f 316 314 1411
f 1438 1411 314
f 278 1412 1439
f 1375 276 274
f 398 396 1414
f 1440 1414 396
f 350 348 1441
f 1377 1415 346
f 1416 1379 852
f 850 848 1442
f 1380 1417 842
f 1381 814 812
f 1443 908 906
f 1444 910 908
f 1383 1092 1090
f 1355 1385 1084
f 1004 1387 1419
f 1006 1419 1420
f 1445 1446 1010
f 1446 1447 1012
f 1024 1022 1389
f 1018 1016 1388
f 958 956 1390
f 1422 1448 960
f 1449 1423 974
f 978 1393 1391
f 12 10 1394
f 1424 1450 14
f 1451 28 26
f 1395 50 48
f 1397 1378 342
f 456 1452 1396
f 414 412 1453
f 1398 1425 410
f 1426 1400 514
f 512 510 1454
f 540 1427 1302
f 1455 554 552
f 588 1456 1428
f 1366 594 592
f 1457 472 469
f 600 1404 1458
f 1459 1429 630
f 634 632 1403
f 737 1369 1430
f 1460 741 739
f 697 695 1461
f 695 693 1462
f 664 662 1463
f 1432 1431 660
f 1433 1464 770
f 774 1465 1434
f 1370 780 778
f 244 242 1410
f 1435 1466 246
f 1467 1436 94
f 1437 98 96
f 314 312 1438
f 1468 1438 312
f 280 1439 1469
f 1412 278 276
f 396 394 1440
f 1470 1440 394
f 352 350 1471
f 1415 1441 348
f 1442 1416 850
f 848 846 1472
f 846 844 1473
f 1353 816 814
f 1474 902 900
f 1475 904 902
f 1476 906 904
f 908 1443 1444
f 1096 1477 1478
f 1094 1418 1477
f 1385 1384 1086
f 1042 1040 1479
f 1420 1445 1008
f 1012 1010 1446
f 1014 1012 1447
f 1016 1014 1421
f 960 958 1422
f 1448 1480 962
f 980 1391 1481
f 1423 1392 976
f 76 1482 1483
f 14 12 1424
f 1450 1484 16
f 1485 26 24
f 28 1451 1360
f 1396 458 456
f 454 1486 1452
f 416 414 1487
f 1425 1453 412
f 1454 1426 512
f 552 1401 1455
f 1488 574 572
f 1489 576 574
f 586 1490 1456
f 1402 592 590
f 1491 474 472
f 1458 469 600
f 618 1492 1493
f 1494 1495 622
f 1495 1496 624
f 1497 1459 628
f 632 630 1429
f 739 1430 1460
f 1462 1461 695
f 689 1498 1499
f 687 1500 1498
f 1501 745 743
f 1502 747 745
f 666 664 1503
f 1431 1463 662
f 1464 1504 770
f 1505 772 770
f 1465 774 772
f 1408 778 776
f 246 244 1435
f 1466 1506 248
f 1507 100 98
f 96 94 1436
f 312 310 1468
f 310 308 1508
f 284 282 1469
f 1439 280 278
f 394 392 1470
f 1509 1470 392
f 360 358 1510
f 354 352 1511
f 1441 1471 350
f 1472 1442 848
f 1417 1473 844
f 902 1474 1475
f 906 1476 1443
f 1477 1096 1094
f 1479 1386 1042
f 1040 1038 1512
f 1038 1036 1513
f 1010 1008 1445
f 1389 1514 1024
f 962 960 1448
f 1480 1515 964
f 1516 1449 972
f 974 972 1449
f 1483 1130 78
f 74 1517 1482
f 16 14 1450
f 1484 1518 18
f 1519 24 22
f 26 1485 1451
f 1452 456 454
f 452 1520 1486
f 418 416 1521
f 1453 1487 414
f 538 1399 1427
f 1522 556 554
f 508 506 1523
f 506 504 1524
f 1525 572 570
f 574 1488 1489
f 1490 586 584
f 1428 590 588
f 1526 476 474
f 469 1458 1457
f 1493 620 618
f 624 622 1495
f 1496 1497 626
f 630 628 1459
f 1461 1405 697
f 693 691 1499
f 1498 689 687
f 763 1527 1500
f 684 682 1528
f 682 680 1529
f 745 1501 1502
f 1530 749 747
f 674 672 1531
f 672 670 1532
f 1463 1503 664
f 658 656 1533
f 770 1534 1505
f 1434 776 774
f 248 246 1466
f 1506 1535 86
f 120 1536 1189
f 87 250 1373
f 1537 1538 90
f 1538 1467 92
f 94 92 1467
f 1508 1468 310
f 308 306 1539
f 286 284 1540
f 1469 282 280
f 392 390 1509
f 1541 1509 390
f 1542 362 360
f 356 354 1543
f 1471 1511 352
f 1473 1472 846
f 1544 898 896
f 904 1475 1476
f 1545 912 910
f 1406 923 921
f 1546 1116 1114
f 1098 1478 1547
f 1418 1094 1092
f 1513 1512 1038
f 1036 1034 1548
f 1030 1028 1549
f 1028 1026 1550
f 1026 1024 1514
f 1447 1421 1014
f 928 992 1551
f 928 1552 1334
f 964 962 1480
f 1515 1553 966
f 970 968 1554
f 1481 982 980
f 1482 76 74
f 1517 74 72
f 18 16 1484
f 1555 20 18
f 1556 22 20
f 24 1519 1485
f 1486 454 452
f 450 1557 1520
f 420 418 1558
f 1487 1521 416
f 554 1455 1522
f 1559 558 556
f 1524 1523 506
f 504 502 1560
f 1561 570 568
f 572 1525 1488
f 1562 580 578
f 1563 582 580
f 1564 584 582
f 1456 588 586
f 486 1565 1566
f 484 1567 1565
f 482 1568 1567
f 476 1526 1569
f 472 1457 1491
f 622 620 1494
f 628 626 1497
f 1499 1462 693
f 1500 687 763
f 684 1570 1527
f 1529 1528 682
f 747 1502 1530
f 1571 751 749
f 1532 1531 672
f 670 668 1572
f 668 666 1573
f 1533 1432 658
f 648 645 1409
f 772 1505 1465
f 86 248 1506
f 1189 122 120
f 90 87 1537
f 98 1437 1507
f 1539 1508 308
f 306 304 1574
f 288 286 1575
f 1469 1540 284
f 390 388 1541
f 388 386 1576
f 364 362 1577
f 1510 1542 360
f 358 356 1578
f 1511 1543 354
f 896 1330 1544
f 1579 900 898
f 910 1444 1545
f 1580 914 912
f 1581 921 919
f 1406 806 923
f 1546 1118 1116
f 1100 1547 1582
f 1478 1098 1096
f 1548 1513 1036
f 1034 1032 1583
f 1550 1549 1028
f 1313 995 1120
f 1334 926 928
f 990 1584 1551
f 966 964 1515
f 1553 1554 968
f 982 1481 1585
f 972 970 1516
f 72 1586 1517
f 70 1587 1586
f 18 1518 1555
f 22 1556 1519
f 1520 452 450
f 448 1588 1557
f 422 420 1589
f 1521 1558 418
f 556 1522 1559
f 510 508 1590
f 1560 1524 504
f 502 500 1591
f 1592 568 566
f 570 1561 1525
f 580 1562 1563
f 584 1564 1490
f 488 1566 1593
f 1565 486 484
f 482 1594 1568
f 1594 482 480
f 1595 480 478
f 474 1491 1526
f 616 1596 1492
f 626 624 1496
f 1499 691 689
f 1528 1570 684
f 749 1530 1571
f 1597 753 751
f 1598 761 759
f 1572 1532 670
f 1503 1573 666
f 650 648 1599
f 1504 1534 770
f 120 118 1536
f 118 116 1600
f 104 102 1601
f 1602 102 100
f 92 90 1538
f 1574 1539 306
f 304 302 1603
f 1604 1605 290
f 1540 1575 286
f 1576 1541 388
f 386 384 1606
f 1542 1577 362
f 1543 1578 356
f 898 1544 1579
f 912 1545 1580
f 1607 919 925
f 921 1581 1406
f 1546 994 1118
f 1110 1608 1546
f 1108 1609 1608
f 1106 1610 1609
f 1547 1100 1098
f 1583 1548 1034
f 1032 1030 1611
f 1514 1550 1026
f 1551 992 990
f 988 1612 1584
f 968 966 1553
f 1554 1516 970
f 1586 72 70
f 68 1613 1587
f 50 1395 1614
f 20 1555 1556
f 1557 450 448
f 1588 448 446
f 424 422 1615
f 1558 1589 420
f 1590 1454 510
f 1616 560 558
f 1591 1560 502
f 500 498 1617
f 1618 566 564
f 568 1592 1561
f 1619 578 576
f 582 1563 1564
f 496 494 1620
f 490 1593 1621
f 1566 488 486
f 480 1595 1594
f 1569 478 476
f 606 1598 1622
f 1596 616 614
f 1493 1494 620
f 1527 763 684
f 1623 743 741
f 751 1571 1597
f 1624 755 753
f 1625 759 757
f 1598 644 761
f 676 674 1626
f 1573 1572 668
f 652 650 1627
f 1409 1599 648
f 1600 1536 118
f 116 114 1628
f 112 1629 1630
f 102 1602 1601
f 1373 1537 87
f 1603 1574 304
f 302 300 1631
f 292 290 1605
f 1575 1604 288
f 1606 1576 386
f 384 382 1632
f 366 364 1633
f 1578 1510 358
f 900 1579 1474
f 1634 916 914
f 1635 925 916
f 919 1607 1581
f 1546 1112 1110
f 1609 1108 1106
f 1512 1479 1040
f 1549 1611 1030
f 994 1636 1637
f 994 1638 1639
f 1584 990 988
f 986 1640 1612
f 984 1585 1640
f 1585 984 982
f 1587 70 68
f 66 1641 1613
f 52 1614 1642
f 80 3 1318
f 446 1643 1588
f 444 1644 1643
f 426 424 1645
f 1589 1615 422
f 558 1559 1616
f 1617 1591 500
f 566 1618 1592
f 578 1619 1562
f 494 1646 1620
f 492 1621 1646
f 1593 490 488
f 478 1569 1595
f 1622 1647 606
f 1648 614 612
f 1492 618 616
f 741 1460 1623
f 753 1597 1624
f 1649 757 755
f 759 1625 1598
f 1531 1626 674
f 656 654 1650
f 654 652 1651
f 1599 1627 650
f 1628 1600 116
f 1630 114 112
f 110 108 1652
f 106 104 1653
f 100 1507 1602
f 1631 1603 302
f 300 298 1654
f 294 292 1655
f 290 288 1604
f 1632 1606 384
f 382 380 1656
f 368 366 1657
f 1577 1633 364
f 1120 1128 1658
f 1659 1658 1128
f 914 1580 1634
f 925 1635 1607
f 1608 1110 1108
f 1104 1660 1610
f 1102 1582 1660
f 1611 1583 1032
f 1639 1636 994
f 1612 988 986
f 948 946 1246
f 1613 68 66
f 64 1661 1641
f 54 1642 1662
f 1614 52 50
f 1643 446 444
f 442 1663 1644
f 440 1664 1663
f 428 426 1665
f 1615 1645 424
f 1523 1590 508
f 1666 562 560
f 1667 564 562
f 576 1489 1619
f 1646 494 492
f 1567 484 482
f 1647 1668 606
f 1669 612 610
f 614 1648 1596
f 743 1623 1501
f 757 1649 1625
f 1650 1533 656
f 1627 1651 652
f 1630 1628 114
f 1629 112 110
f 108 106 1670
f 1601 1653 104
f 1654 1631 300
f 298 296 1671
f 296 294 1672
f 1605 1655 292
f 1656 1632 382
f 380 378 1673
f 370 368 1674
f 1633 1657 366
f 1128 1126 1659
f 1126 1124 1675
f 916 1634 1635
f 1406 770 768
f 1610 1106 1104
f 1582 1102 1100
f 994 1546 1638
f 1640 986 984
f 1641 66 64
f 62 1676 1661
f 56 1662 1677
f 1642 54 52
f 1644 444 442
f 1663 442 440
f 430 428 1678
f 1645 1665 426
f 560 1616 1666
f 564 1667 1618
f 498 496 1679
f 1621 492 490
f 1668 1680 606
f 1681 608 606
f 1682 610 608
f 612 1669 1648
f 755 1624 1649
f 680 678 1683
f 678 676 1684
f 1651 1650 654
f 1652 1629 110
f 1653 1670 106
f 1671 1654 298
f 1655 1672 294
f 1673 1656 380
f 378 376 1685
f 372 370 1686
f 1657 1674 368
f 1675 1659 1126
f 1687 1675 1124
f 1406 800 806
f 768 765 1406
f 1660 1104 1102
f 1551 1552 928
f 1661 64 62
f 60 1688 1676
f 58 1677 1688
f 1662 56 54
f 440 438 1664
f 438 436 1689
f 432 430 1690
f 1665 1678 428
f 562 1666 1667
f 1620 1679 496
f 606 1691 1681
f 610 1682 1669
f 1683 1529 680
f 1626 1684 676
f 1692 1693 1318
f 1670 1652 108
f 1672 1671 296
f 1685 1673 378
f 376 374 1694
f 374 372 1695
f 1674 1686 370
f 1124 1121 1687
f 1696 1687 1121
f 765 800 1406
f 1637 1287 994
f 1676 62 60
f 1677 58 56
f 1689 1664 438
f 436 434 1697
f 434 432 1698
f 1678 1690 430
f 1679 1617 498
f 608 1681 1682
f 1684 1683 678
f 1598 606 604
f 1318 86 1535
f 1373 250 318
f 1699 1257 1413
f 1694 1685 376
f 1686 1695 372
f 1121 1130 1696
f 1114 1112 1546
f 1700 1696 1483
f 82 84 86
f 1688 60 58
f 1134 78 1130
f 1697 1689 436
f 1690 1698 432
f 1680 1691 606
f 1701 1622 1598
f 1598 638 644
f 604 601 1598
f 1136 128 126
f 1413 1702 1699
f 1695 1694 374
f 324 326 320
f 1174 1177 884
f 1483 1703 1700
f 86 1318 3
f 1130 1132 1134
f 1698 1697 434
f 1598 1704 1701
f 601 638 1598
f 1705 1407 1406
f 1257 320 1413
f 320 322 324
f 1696 1130 1483
f 1483 78 76
f 1227 1236 528
f 1406 1706 1705
f 1376 1413 326
f 86 3 82
f 717 715 1187
f 1658 1312 1120
f 642 644 638
f 1318 1535 1692
f 804 806 800
f 1298 1277 400
f 638 640 642
f 800 802 804
o mesh30
f 1707 1708 129
f 127 129 1708
f 1708 1709 127
f 1710 1707 131
f 129 131 1707
f 1711 1710 133
f 1709 1712 127
f 1713 1711 135
f 131 133 1710
f 1714 1713 137
f 133 135 1711
f 1715 1714 139
f 135 137 1713
f 1716 1715 141
f 137 139 1714
f 1717 1716 143
f 139 141 1715
f 1718 1717 145
f 141 143 1716
f 1719 1718 147
f 143 145 1717
f 1720 1719 149
f 145 147 1718
f 1721 1720 151
f 147 149 1719
f 1722 1721 153
f 149 151 1720
f 1723 1722 155
f 151 153 1721
f 1724 1723 157
f 153 155 1722
f 1725 1724 159
f 155 157 1723
f 1726 1725 161
f 157 159 1724
f 1727 1726 163
f 159 161 1725
f 125 127 1712
f 161 163 1726
f 1728 1727 165
f 163 165 1727
f 1729 1728 167
f 1712 1730 125
f 1731 1729 169
f 165 167 1728
f 1732 1731 171
f 167 169 1729
f 1733 1732 173
f 169 171 1731
f 1734 1733 175
f 171 173 1732
f 1735 1734 177
f 173 175 1733
f 1736 1735 179
f 175 177 1734
f 1737 1736 181
f 177 179 1735
f 1738 329 328
f 331 1739 1740
f 1741 1737 183
f 179 181 1736
f 1740 328 331
f 333 1742 1739
f 1743 1741 185
f 181 183 1737
f 1739 331 333
f 335 1744 1742
f 467 329 1745
f 1746 1743 187
f 183 185 1741
f 1742 333 335
f 337 1747 1744
f 465 467 1748
f 329 1738 1745
f 1749 1746 189
f 185 187 1743
f 1744 335 337
f 339 1750 1747
f 463 465 1751
f 1745 1748 467
f 1752 1753 193
f 1753 1749 191
f 187 189 1746
f 1065 1754 1755
f 1067 1756 1754
f 1747 337 339
f 341 1757 1750
f 461 463 1758
f 1748 1751 465
f 195 1759 1752
f 189 191 1749
f 1754 1065 1067
f 1069 1760 1756
f 1750 339 341
f 343 1761 1757
f 459 461 1762
f 1751 1758 463
f 1759 195 197
f 191 193 1753
f 1063 1755 1763
f 1756 1067 1069
f 1757 341 343
f 1758 1762 461
f 1764 197 199
f 193 195 1752
f 1765 881 883
f 885 1766 1767
f 1755 1063 1065
f 1071 1768 1760
f 1762 1769 459
f 345 1770 1761
f 1771 199 201
f 197 1764 1759
f 720 1772 1773
f 1774 716 718
f 885 887 1775
f 1767 883 885
f 1776 1059 1061
f 1760 1069 1071
f 457 459 1769
f 1761 343 345
f 1777 201 203
f 199 1771 1764
f 714 716 1774
f 718 1773 1774
f 1778 879 881
f 883 1767 1765
f 1763 1061 1063
f 1073 1779 1768
f 328 1740 1738
f 347 1780 1770
f 1781 205 207
f 123 125 1730
f 201 1777 1771
f 722 1782 1772
f 1773 718 720
f 1783 877 879
f 1775 1766 885
f 1784 1057 1059
f 1768 1071 1073
f 455 457 1785
f 1770 345 347
f 1786 1787 209
f 207 1787 1781
f 1788 203 205
f 203 1788 1777
f 1789 797 799
f 712 714 1790
f 1774 1790 714
f 1791 1775 887
f 881 1765 1778
f 1792 1055 1057
f 1061 1763 1776
f 1769 1785 457
f 349 1793 1780
f 261 1794 1795
f 1796 1794 261
f 1797 1786 211
f 207 209 1787
f 1730 1798 123
f 647 1799 1800
f 799 1800 1789
f 724 1801 1782
f 1772 720 722
f 1802 875 877
f 879 1778 1783
f 1803 41 43
f 1804 39 41
f 1059 1776 1784
f 1075 1805 1779
f 527 1806 1807
f 529 1808 1806
f 1780 347 349
f 351 1809 1793
f 259 1795 1810
f 261 263 1796
f 213 1811 1797
f 205 1781 1788
f 1789 1812 797
f 795 797 1812
f 726 1813 1801
f 1790 1814 712
f 875 1802 1815
f 887 889 1791
f 43 1816 1803
f 41 1803 1804
f 1817 1053 1055
f 1779 1073 1075
f 531 1818 1808
f 1806 527 529
f 453 455 1819
f 1793 349 351
f 1820 255 257
f 1795 259 261
f 1811 213 215
f 209 211 1786
f 1812 1821 795
f 793 795 1821
f 710 712 1814
f 1782 722 724
f 1822 1791 889
f 877 1783 1802
f 1804 1823 39
f 1824 1816 45
f 1057 1784 1792
f 1077 1825 1805
f 1826 523 525
f 1807 525 527
f 1785 1819 455
f 353 1827 1809
f 1828 253 252
f 1829 252 255
f 1810 257 259
f 1830 1796 263
f 1831 215 217
f 211 213 1797
f 1821 1832 793
f 791 793 1832
f 728 1833 1813
f 1801 724 726
f 873 1815 1834
f 1815 873 875
f 45 47 1824
f 1823 1835 37
f 1836 1051 1053
f 1805 1075 1077
f 1818 531 533
f 1808 529 531
f 451 453 1837
f 1809 351 353
f 255 1820 1829
f 263 265 1830
f 1838 217 219
f 215 1831 1811
f 1832 1839 791
f 789 791 1839
f 708 710 1840
f 1814 1840 710
f 827 829 1841
f 829 831 1842
f 871 1834 1843
f 889 891 1822
f 37 39 1823
f 1835 1844 35
f 1055 1792 1817
f 1079 1845 1825
f 1846 521 523
f 525 1807 1826
f 1819 1837 453
f 355 1847 1827
f 257 1810 1820
f 1848 1830 265
f 1849 219 221
f 217 1838 1831
f 1839 1850 789
f 787 789 1850
f 730 1851 1833
f 1813 726 728
f 825 827 1852
f 1842 1841 829
f 1853 1822 891
f 1834 871 873
f 35 37 1835
f 1844 1854 33
f 1855 1 5
f 1856 2 1
f 1857 1049 1051
f 1825 1077 1079
f 535 1858 1859
f 533 1859 1818
f 1860 403 402
f 405 1861 1862
f 1827 353 355
f 357 1863 1847
f 361 1864 1865
f 1866 397 399
f 325 1867 1868
f 265 267 1848
f 1869 1848 267
f 1870 221 223
f 219 1849 1838
f 1850 1871 787
f 785 787 1871
f 706 708 1872
f 732 1873 1851
f 1840 1872 708
f 1874 947 949
f 1841 1852 827
f 831 833 1875
f 869 1843 1876
f 1843 869 871
f 33 35 1844
f 47 49 1877
f 1878 5 7
f 1 1855 1856
f 1053 1817 1836
f 1081 1879 1845
f 1880 543 545
f 1881 519 521
f 523 1826 1846
f 1862 402 405
f 407 1882 1861
f 449 451 1883
f 1847 355 357
f 1865 359 361
f 1884 395 397
f 1868 399 325
f 267 269 1869
f 1885 1869 269
f 1886 223 225
f 221 1870 1849
f 1871 1887 785
f 783 785 1887
f 1888 704 706
f 1833 728 730
f 1889 945 947
f 949 1890 1874
f 823 825 1891
f 1875 1842 831
f 867 1876 1892
f 891 893 1853
f 1877 1824 47
f 31 33 1854
f 1893 7 9
f 5 1878 1855
f 1894 1047 1049
f 1845 1079 1081
f 471 1895 1896
f 1897 635 637
f 545 1898 1880
f 1880 1899 541
f 537 1900 1858
f 1859 533 535
f 1861 405 407
f 409 1901 1882
f 1837 1883 451
f 359 1865 1863
f 363 1902 1864
f 365 1903 1902
f 1904 393 395
f 399 1868 1866
f 269 271 1885
f 1905 1885 271
f 1906 229 231
f 1907 227 229
f 1908 225 227
f 223 1886 1870
f 1887 1909 783
f 646 1910 1799
f 734 1911 1873
f 1851 730 732
f 1912 931 930
f 1913 1890 951
f 949 951 1890
f 1852 1891 825
f 835 1914 1875
f 893 895 1915
f 1876 867 869
f 1854 1916 31
f 49 51 1917
f 1918 9 11
f 7 1893 1878
f 1919 1920 996
f 997 996 1920
f 1051 1836 1857
f 1083 1921 1879
f 637 1896 1897
f 1922 633 635
f 1860 1923 599
f 597 599 1923
f 1924 1898 547
f 541 543 1880
f 1925 517 519
f 521 1846 1881
f 1882 407 409
f 411 1926 1901
f 1863 357 359
f 1902 363 365
f 1927 391 393
f 397 1866 1884
f 271 273 1905
f 273 275 1928
f 229 1906 1907
f 225 1908 1886
f 1799 647 646
f 781 783 1909
f 702 704 1888
f 1872 1888 706
f 930 1929 1912
f 933 1930 1929
f 1931 1913 953
f 945 1889 1932
f 947 1874 1889
f 821 823 1933
f 1875 833 835
f 1934 863 865
f 1892 865 867
f 1917 1877 49
f 1916 1935 29
f 1936 11 13
f 9 1918 1893
f 1937 1919 999
f 1920 1938 997
f 1047 1894 1939
f 1879 1081 1083
f 635 1897 1922
f 1940 631 633
f 1923 1941 597
f 595 597 1941
f 1942 1924 549
f 545 547 1898
f 539 1943 1900
f 1858 535 537
f 1901 409 411
f 413 1944 1926
f 1945 1946 447
f 361 363 1864
f 1947 389 391
f 395 1884 1904
f 1928 1905 273
f 275 277 1948
f 1949 317 319
f 319 89 1950
f 1951 231 233
f 227 1907 1908
f 1909 1952 781
f 779 781 1952
f 1953 1911 734
f 1873 732 734
f 1929 930 933
f 935 1954 1930
f 955 1955 1931
f 951 953 1913
f 1891 1933 823
f 837 1956 1914
f 863 1934 1957
f 1915 1853 893
f 29 31 1916
f 1935 1958 27
f 1959 13 15
f 11 1936 1918
f 1023 1960 1961
f 1962 1019 1021
f 1963 1937 1001
f 996 999 1919
f 1049 1857 1894
f 1085 1964 1921
f 633 1922 1940
f 1965 629 631
f 1941 1966 595
f 593 595 1966
f 1967 1942 551
f 547 549 1924
f 517 1925 1968
f 519 1881 1925
f 1926 411 413
f 415 1969 1944
f 445 447 1946
f 1883 1945 449
f 389 1947 1970
f 393 1904 1927
f 1948 1928 275
f 277 279 1971
f 1972 315 317
f 1950 1973 319
f 1974 233 235
f 231 1951 1906
f 1952 1975 779
f 777 779 1975
f 702 1976 1977
f 1888 1976 702
f 1930 933 935
f 937 1978 1954
f 943 1932 1979
f 1932 943 945
f 819 821 1980
f 1914 835 837
f 861 1957 1981
f 865 1892 1934
f 27 29 1935
f 1958 1982 25
f 1983 15 17
f 13 1959 1936
f 77 79 1984
f 1021 1961 1962
f 1985 1017 1019
f 1986 1963 1003
f 999 1001 1937
f 1045 1939 1987
f 1921 1083 1085
f 1087 1988 1964
f 1089 1091 1989
f 1091 1093 1990
f 631 1940 1965
f 1991 627 629
f 1992 623 625
f 1993 621 623
f 619 621 1994
f 1966 1995 593
f 591 593 1995
f 549 551 1942
f 1899 1943 539
f 515 1968 1996
f 1900 537 539
f 1944 413 415
f 417 1997 1969
f 447 449 1945
f 367 1998 1903
f 387 1970 1999
f 391 1927 1947
f 1971 1948 277
f 279 281 2000
f 2001 313 315
f 319 1973 1949
f 2002 95 97
f 243 2003 2004
f 2005 235 237
f 233 1974 1951
f 1975 2006 777
f 775 777 2006
f 2007 1953 736
f 734 736 1953
f 1954 935 937
f 939 2008 1978
f 941 1979 2008
f 953 955 1931
f 1933 1980 821
f 839 2009 1956
f 859 1981 2010
f 1957 861 863
f 25 27 1958
f 1982 2011 23
f 2012 17 19
f 15 1983 1959
f 75 77 2013
f 1984 2013 77
f 1019 1962 1985
f 2014 1015 1017
f 2015 2016 1007
f 2016 1986 1005
f 1001 1003 1963
f 1939 1045 1047
f 1964 1085 1087
f 1990 1989 1091
f 1093 1095 2017
f 629 1965 1991
f 2018 625 627
f 623 1992 1993
f 621 1993 1994
f 471 470 2019
f 2020 2019 470
f 1995 2021 591
f 589 591 2021
f 2022 1967 553
f 539 541 1899
f 513 1996 2023
f 1968 515 517
f 1969 415 417
f 419 2024 1997
f 1903 365 367
f 369 2025 1998
f 385 1999 2026
f 1970 387 389
f 2000 1971 279
f 281 283 2027
f 2028 311 313
f 317 1949 1972
f 97 2029 2002
f 2030 93 95
f 2004 2031 243
f 2032 237 239
f 235 2005 1974
f 2006 2033 775
f 700 1977 2034
f 1977 700 702
f 1978 937 939
f 1979 941 943
f 808 2035 2036
f 808 811 2037
f 1956 837 839
f 841 2038 2009
f 2039 1915 895
f 1981 859 861
f 23 25 1982
f 2011 2040 21
f 2040 2041 19
f 17 2012 1983
f 2042 2043 73
f 79 1123 1984
f 1017 1985 2014
f 1025 2044 1960
f 2045 1011 1013
f 2046 1009 1011
f 1009 2046 2015
f 1003 1005 1986
f 1087 1089 1988
f 2017 1990 1093
f 627 1991 2018
f 1994 2047 619
f 470 473 2020
f 2048 2020 473
f 2021 2049 589
f 587 589 2049
f 2050 2051 575
f 2051 2052 573
f 551 553 1967
f 1996 513 515
f 1997 417 419
f 421 2053 2024
f 443 445 2054
f 1998 367 369
f 383 2026 2055
f 1999 385 387
f 2027 2000 281
f 285 2056 2027
f 311 2028 2057
f 315 1972 2001
f 95 2002 2030
f 2058 2029 99
f 2031 2059 243
f 2060 241 243
f 2061 239 241
f 237 2032 2005
f 2033 773 775
f 661 2062 2063
f 663 2064 2062
f 2065 2007 738
f 736 738 2007
f 977 979 2066
f 2067 2066 979
f 1955 955 957
f 2008 939 941
f 2037 2035 808
f 811 813 2068
f 817 819 2069
f 2009 839 841
f 857 2010 2070
f 2010 857 859
f 21 23 2011
f 19 2041 2012
f 71 73 2043
f 2013 2042 75
f 1960 1023 1025
f 1015 2014 2071
f 1011 2045 2046
f 1005 1007 2016
f 1043 1987 2072
f 1989 1988 1089
f 1095 1097 2073
f 1097 1099 2074
f 625 2018 1992
f 617 619 2047
f 473 475 2048
f 2075 2048 475
f 2049 2076 587
f 2076 2077 585
f 573 575 2051
f 2052 2078 571
f 507 2079 2080
f 509 2081 2079
f 2082 2022 555
f 2023 511 513
f 2024 419 421
f 423 2083 2053
f 1946 2054 445
f 371 2084 2025
f 381 2055 2085
f 2026 383 385
f 2027 283 285
f 287 2086 2056
f 309 2057 2087
f 313 2001 2028
f 99 101 2058
f 2088 91 93
f 2089 88 91
f 88 2089 1950
f 121 123 1798
f 243 2090 2060
f 239 2061 2032
f 2033 771 773
f 649 2091 1910
f 2062 661 663
f 665 2092 2064
f 696 2093 2094
f 698 2034 2093
f 2095 2065 740
f 2034 698 700
f 979 981 2067
f 977 2096 2097
f 2098 957 959
f 1912 2099 931
f 2068 2037 811
f 813 815 2100
f 1980 2069 819
f 843 2101 2038
f 855 2070 2102
f 895 897 2039
f 19 21 2040
f 51 53 2103
f 69 71 2104
f 73 75 2042
f 2071 1013 1015
f 1007 1009 2015
f 1039 2105 2106
f 1041 2072 2105
f 1987 1043 1045
f 2074 2073 1097
f 2047 2107 617
f 2107 2108 615
f 475 477 2075
f 477 479 2109
f 483 485 2110
f 485 487 2111
f 487 489 2112
f 585 587 2076
f 2077 2113 583
f 2113 2114 581
f 2114 2115 579
f 571 573 2052
f 2078 2116 569
f 505 2080 2117
f 2079 507 509
f 2118 2082 557
f 553 555 2022
f 2053 421 423
f 425 2119 2083
f 2025 369 371
f 373 2120 2084
f 379 2085 2121
f 2055 381 383
f 2056 285 287
f 289 2122 2086
f 307 2087 2123
f 2057 309 311
f 93 2030 2088
f 1950 89 88
f 2124 119 121
f 241 2060 2061
f 1910 646 649
f 651 2125 2091
f 2064 663 665
f 667 2126 2092
f 2127 2128 746
f 2128 2129 744
f 688 690 2130
f 690 692 2131
f 2093 696 698
f 738 740 2065
f 2097 975 977
f 2132 973 975
f 2133 959 961
f 957 2098 1955
f 2100 2068 813
f 815 817 2134
f 2038 841 843
f 845 2135 2101
f 853 2102 2136
f 2070 855 857
f 2103 1917 51
f 53 55 2137
f 67 69 2138
f 2043 2104 71
f 1013 2071 2045
f 1027 2139 2044
f 1029 2140 2139
f 1031 2141 2140
f 1037 2106 2142
f 2105 1039 1041
f 2073 2017 1095
f 1099 1101 2143
f 615 617 2107
f 2108 2144 613
f 2109 2075 477
f 2145 2109 479
f 2146 2145 481
f 2110 2147 483
f 2112 2111 487
f 489 491 2148
f 583 585 2077
f 579 581 2114
f 569 571 2078
f 2116 2149 567
f 503 2117 2150
f 2080 505 507
f 511 2023 2081
f 555 557 2082
f 2083 423 425
f 427 2151 2119
f 2084 371 373
f 375 2152 2120
f 377 2121 2152
f 2085 379 381
f 2086 287 289
f 2122 289 291
f 305 2123 2153
f 2087 307 309
f 91 2088 2089
f 2154 2058 101
f 105 2155 2156
f 119 2124 2157
f 2059 2090 243
f 2091 649 651
f 659 2063 2158
f 2092 665 667
f 673 2159 2160
f 675 2161 2159
f 2162 2127 748
f 744 746 2128
f 683 2163 2164
f 685 2165 2163
f 686 688 2166
f 2131 2130 690
f 694 2094 2131
f 740 742 2095
f 975 2097 2132
f 981 983 2167
f 2168 961 963
f 959 2133 2098
f 2169 2170 909
f 2170 2171 907
f 2134 2100 815
f 2101 843 845
f 851 2136 2172
f 2102 853 855
f 2137 2103 53
f 55 57 2173
f 65 67 2174
f 2104 2138 69
f 2044 1025 1027
f 2140 1029 1031
f 1035 2142 2175
f 2106 1037 1039
f 2143 2074 1099
f 1101 1103 2176
f 613 615 2108
f 2144 2177 611
f 479 481 2145
f 2147 2146 483
f 2148 2112 489
f 491 493 2178
f 497 2179 2180
f 581 583 2113
f 2115 2050 577
f 567 569 2116
f 2149 2181 565
f 501 2150 2182
f 2117 503 505
f 2183 2118 559
f 557 559 2118
f 2119 425 427
f 429 2184 2151
f 441 443 2185
f 2120 373 375
f 2121 377 379
f 291 2186 2122
f 293 2187 2186
f 303 2153 2188
f 2123 305 307
f 101 103 2154
f 2156 103 105
f 113 115 2189
f 117 2157 2190
f 1798 2124 121
f 2033 769 771
f 2063 659 661
f 669 2191 2126
f 671 2160 2191
f 2159 673 675
f 2192 2162 750
f 746 748 2127
f 2163 683 685
f 685 686 2193
f 2130 2166 688
f 2094 694 696
f 2167 2067 981
f 2194 971 973
f 2195 963 965
f 961 2168 2133
f 907 909 2170
f 2171 2196 905
f 2196 2197 903
f 2197 2198 901
f 2069 2134 817
f 847 2199 2135
f 849 2172 2199
f 2136 851 853
f 2173 2137 55
f 57 59 2200
f 63 65 2201
f 2138 2174 67
f 2139 1027 1029
f 1033 2175 2141
f 2142 1035 1037
f 2176 2143 1101
f 2202 1127 1129
f 997 1938 2203
f 611 613 2144
f 481 483 2146
f 2178 2148 491
f 493 495 2204
f 2180 495 497
f 577 579 2115
f 565 567 2149
f 2150 501 503
f 2081 509 511
f 2151 427 429
f 431 2205 2184
f 2206 439 441
f 2152 375 377
f 2186 291 293
f 295 2207 2187
f 301 2188 2208
f 2153 303 305
f 2156 2154 103
f 107 2209 2155
f 111 2210 2211
f 115 2190 2189
f 2157 117 119
f 2033 766 769
f 653 2212 2125
f 2126 667 669
f 2160 671 673
f 2213 2214 760
f 2215 2192 752
f 748 750 2162
f 2193 2165 685
f 2131 692 694
f 973 2132 2194
f 971 2194 2216
f 2217 965 967
f 963 2195 2168
f 927 809 2036
f 927 2218 2219
f 1115 1117 2220
f 1117 1119 2221
f 1119 931 2222
f 905 907 2171
f 901 903 2197
f 2135 845 847
f 2172 849 851
f 2200 2173 57
f 59 61 2223
f 61 63 2224
f 2174 2201 65
f 2141 1031 1033
f 2072 1041 1043
f 1127 2202 2225
f 2203 1129 997
f 2177 609 611
f 2111 2110 485
f 2180 2204 495
f 575 577 2050
f 2181 2226 563
f 2226 2183 561
f 559 561 2183
f 2184 429 431
f 433 2227 2205
f 439 2206 2228
f 2054 2185 443
f 2187 293 295
f 297 2229 2207
f 299 2208 2229
f 2188 301 303
f 2155 105 107
f 109 2211 2209
f 2211 109 111
f 2190 115 117
f 2003 243 245
f 603 2230 2231
f 2125 651 653
f 2191 669 671
f 677 2232 2161
f 760 762 2213
f 2214 2233 758
f 2234 2215 754
f 750 752 2192
f 2129 2095 742
f 2166 2193 686
f 2216 969 971
f 983 985 2235
f 2236 967 969
f 965 2217 2195
f 991 993 2219
f 2219 993 927
f 2221 2220 1117
f 931 2099 2222
f 2237 2238 922
f 2239 2169 911
f 903 905 2196
f 2240 2039 897
f 2199 847 849
f 2223 2200 59
f 2201 2224 63
f 2175 1033 1035
f 1103 1105 2241
f 1105 1107 2242
f 1107 1109 2243
f 2244 1122 1125
f 1129 2203 2202
f 2177 607 609
f 2204 2178 493
f 499 2182 2179
f 563 565 2181
f 2182 499 501
f 2205 431 433
f 435 2245 2227
f 437 2228 2245
f 2185 2206 441
f 2207 295 297
f 2208 299 301
f 2209 107 109
f 2189 2210 113
f 245 247 2003
f 603 2246 2230
f 2033 767 766
f 655 2247 2212
f 657 2158 2247
f 2161 675 677
f 758 760 2214
f 2233 2234 756
f 752 754 2215
f 2164 681 683
f 767 2248 2249
f 2235 2167 983
f 967 2236 2217
f 989 991 2250
f 2036 2218 927
f 1113 1115 2251
f 2222 2221 1119
f 922 924 2237
f 2238 2252 920
f 2253 2239 913
f 909 911 2169
f 2198 2240 899
f 2036 809 808
f 1133 1131 1123
f 2224 2223 61
f 81 2 85
f 2241 2176 1103
f 2243 2242 1107
f 2254 1123 1122
f 2225 1125 1127
f 2177 605 607
f 2177 603 602
f 2179 497 499
f 561 563 2226
f 323 321 253
f 2227 433 435
f 2228 437 439
f 2229 297 299
f 111 113 2210
f 247 249 2003
f 2255 2256 2003
f 603 2257 2246
f 2212 653 655
f 2158 657 659
f 756 758 2233
f 742 744 2129
f 767 2258 2248
f 969 2216 2236
f 985 987 2259
f 987 989 2260
f 2219 2250 991
f 1111 1113 2261
f 2220 2251 1115
f 920 922 2238
f 2252 2262 918
f 911 913 2239
f 897 899 2240
f 43 45 1816
f 85 83 81
f 2263 2264 1984
f 2242 2241 1105
f 1125 2225 2244
f 602 605 2177
f 599 403 1860
f 253 1867 325
f 2245 435 437
f 2265 2266 1867
f 97 99 2029
f 2003 85 2255
f 603 2267 2257
f 2247 655 657
f 679 2268 2232
f 681 2164 2268
f 754 756 2234
f 767 2269 2258
f 2259 2235 985
f 2250 2260 989
f 1109 1111 2270
f 2251 2261 1113
f 918 920 2252
f 2262 2271 917
f 2271 2253 915
f 899 901 2198
f 2 1856 85
f 1984 1123 2254
f 1122 2244 2254
f 2019 1895 471
f 402 1862 1860
f 1867 253 1828
f 249 85 2003
f 603 2272 2267
f 641 639 603
f 2232 677 679
f 762 643 2213
f 767 2273 2269
f 2260 2259 987
f 2261 2270 1111
f 917 918 2262
f 913 915 2253
f 1123 79 1133
f 1961 1021 1023
f 253 325 323
f 252 1829 1828
f 2274 2275 2213
f 603 2177 2272
f 603 2213 643
f 2268 679 681
f 767 2276 2273
f 803 801 767
f 2270 2243 1109
f 915 917 2271
f 1984 2254 2263
f 1867 1828 2265
f 2231 2213 603
f 1800 799 647
f 2277 2278 2237
f 767 2033 2276
f 767 2237 805
f 924 805 2237
f 1896 637 471
f 603 643 641
f 2249 2237 767
f 2066 2096 977
f 2213 2231 2274
f 767 805 803
f 2237 2249 2277
f 1856 2255 85
o mesh31
f 1220 1800 1799
f 1219 1789 1800
f 1229 1812 1789
f 1239 1821 1812
f 1253 1832 1821
f 1265 1839 1832
f 1280 1850 1839
f 1289 1871 1850
f 1306 1887 1871
f 1327 1909 1887
f 1370 1952 1909
f 1408 1975 1952
f 1434 2006 1975
f 1465 2033 2006
f 1505 2276 2033
f 1534 2273 2276
f 1504 2269 2273
f 1464 2258 2269
f 1433 2248 2258
f 1407 2249 2248
f 2248 1433 1407
f 2258 1464 1433
f 2269 1504 1464
f 2273 1534 1504
f 2276 1505 1534
f 2033 1465 1505
f 2006 1434 1465
f 1975 1408 1434
f 1952 1370 1408
f 1909 1327 1370
f 1887 1306 1327
f 1871 1289 1306
f 1850 1280 1289
f 1839 1265 1280
f 1832 1253 1265
f 1821 1239 1253
f 1812 1229 1239
f 1789 1219 1229
f 1800 1220 1219
f 1799 1240 1220
o mesh32
f 1598 1625 2214
f 1649 2233 2214
f 1624 2234 2233
f 1597 2215 2234
f 1571 2192 2215
f 1530 2162 2192
f 1502 2127 2162
f 1501 2128 2127
f 1623 2129 2128
f 1460 2095 2129
f 1430 2065 2095
f 1369 2007 2065
f 1326 1953 2007
f 1304 1911 1953
f 1279 1873 1911
f 1263 1851 1873
f 1237 1833 1851
f 1217 1813 1833
f 1210 1801 1813
f 1202 1782 1801
f 1194 1772 1782
f 1188 1773 1772
f 1187 1774 1773
f 1195 1790 1774
f 1203 1814 1790
f 1218 1840 1814
f 1238 1872 1840
f 1264 1888 1872
f 1305 1976 1888
f 1349 1977 1976
f 1405 2034 1977
f 1461 2093 2034
f 1462 2094 2093
f 1499 2131 2094
f 1498 2130 2131
f 1500 2166 2130
f 1527 2193 2166
f 1570 2165 2193
f 1528 2163 2165
f 1529 2164 2163
f 1683 2268 2164
f 1684 2232 2268
f 1626 2161 2232
f 2159 2161 1626
f 1532 2160 2159
f 1572 2191 2160
f 1573 2126 2191
f 1503 2092 2126
f 1463 2064 2092
f 1431 2062 2064
f 1432 2063 2062
f 1533 2158 2063
f 1650 2247 2158
f 1651 2212 2247
f 1627 2125 2212
f 1599 2091 2125
f 1409 1910 2091
f 1240 1799 1910
f 1910 1409 1240
f 2091 1599 1409
f 2125 1627 1599
f 2212 1651 1627
f 2247 1650 1651
f 2158 1533 1650
f 2063 1432 1533
f 2062 1431 1432
f 2064 1463 1431
f 2092 1503 1463
f 2126 1573 1503
f 2191 1572 1573
f 2160 1532 1572
f 2159 1531 1532
f 1626 1531 2159
f 2232 1684 1626
f 2268 1683 1684
f 2164 1529 1683
f 2163 1528 1529
f 2165 1570 1528
f 2193 1527 1570
f 2166 1500 1527
f 2130 1498 1500
f 2131 1499 1498
f 2094 1462 1499
f 2093 1461 1462
f 2034 1405 1461
f 1977 1349 1405
f 1976 1305 1349
f 1888 1264 1305
f 1872 1238 1264
f 1840 1218 1238
f 1814 1203 1218
f 1790 1195 1203
f 1774 1187 1195
f 1773 1188 1187
f 1772 1194 1188
f 1782 1202 1194
f 1801 1210 1202
f 1813 1217 1210
f 1833 1237 1217
f 1851 1263 1237
f 1873 1279 1263
f 1911 1304 1279
f 1953 1326 1304
f 2007 1369 1326
f 2065 1430 1369
f 2095 1460 1430
f 2129 1623 1460
f 2128 1501 1623
f 2127 1502 1501
f 2162 1530 1502
f 2192 1571 1530
f 2215 1597 1571
f 2234 1624 1597
f 2233 1649 1624
f 2214 1625 1649
f 2214 2213 1598
o mesh33
f 1598 2213 2275
f 2275 1704 1598
o mesh34
f 1704 2275 2274
f 2274 1701 1704
o mesh35
f 1701 2274 2231
f 2231 1622 1701
o mesh36
f 1368 1896 1895
f 1367 1897 1896
f 1403 1922 1897
f 1429 1940 1922
f 1459 1965 1940
f 1497 1991 1965
f 1496 2018 1991
f 1495 1992 2018
f 1494 1993 1992
f 1493 1994 1993
f 1492 2047 1994
f 1596 2107 2047
f 1648 2108 2107
f 1669 2144 2108
f 1682 2177 2144
f 1681 2272 2177
f 1691 2267 2272
f 1680 2257 2267
f 1668 2246 2257
f 1647 2230 2246
f 1622 2231 2230
f 2230 1647 1622
f 2246 1668 1647
f 2257 1680 1668
f 2267 1691 1680
f 2272 1681 1691
f 2177 1682 1681
f 2144 1669 1682
f 2108 1648 1669
f 2107 1596 1648
f 2047 1492 1596
f 1994 1493 1492
f 1993 1494 1493
f 1992 1495 1494
f 2018 1496 1495
f 1991 1497 1496
f 1965 1459 1497
f 1940 1429 1459
f 1922 1403 1429
f 1897 1367 1403
f 1896 1368 1367
f 1895 1404 1368
o mesh37
f 1348 1923 1860
f 1347 1941 1923
f 1366 1966 1941
f 1402 1995 1966
f 1428 2021 1995
f 1456 2049 2021
f 1490 2076 2049
f 1564 2077 2076
f 1563 2113 2077
f 1562 2114 2113
f 1619 2115 2114
f 1489 2050 2115
f 1488 2051 2050
f 1525 2052 2051
f 1561 2078 2052
f 1592 2116 2078
f 1618 2149 2116
f 1667 2181 2149
f 1666 2226 2181
f 1616 2183 2226
f 1559 2118 2183
f 1522 2082 2118
f 1455 2022 2082
f 1401 1967 2022
f 1365 1942 1967
f 1346 1924 1942
f 1303 1898 1924
f 1302 1880 1898
f 1427 1899 1880
f 1399 1943 1899
f 1344 1900 1943
f 1300 1858 1900
f 1262 1859 1858
f 1251 1818 1859
f 1236 1808 1818
f 1227 1806 1808
f 1228 1807 1806
f 1252 1826 1807
f 1278 1846 1826
f 1301 1881 1846
f 1345 1925 1881
f 1400 1968 1925
f 1426 1996 1968
f 1454 2023 1996
f 1590 2081 2023
f 1523 2079 2081
f 1524 2080 2079
f 2117 2080 1524
f 1591 2150 2117
f 1617 2182 2150
f 2179 2182 1617
f 1620 2180 2179
f 1646 2204 2180
f 1621 2178 2204
f 1593 2148 2178
f 1566 2112 2148
f 1565 2111 2112
f 1567 2110 2111
f 1568 2147 2110
f 1594 2146 2147
f 1595 2145 2146
f 1569 2109 2145
f 1526 2075 2109
f 1491 2048 2075
f 1457 2020 2048
f 1458 2019 2020
f 1404 1895 2019
f 2019 1458 1404
f 2020 1457 1458
f 2048 1491 1457
f 2075 1526 1491
f 2109 1569 1526
f 2145 1595 1569
f 2146 1594 1595
f 2147 1568 1594
f 2110 1567 1568
f 2111 1565 1567
f 2112 1566 1565
f 2148 1593 1566
f 2178 1621 1593
f 2204 1646 1621
f 2180 1620 1646
f 2179 1679 1620
f 1617 1679 2179
f 2150 1591 1617
f 2117 1560 1591
f 1524 1560 2117
f 2079 1523 1524
f 2081 1590 1523
f 2023 1454 1590
f 1996 1426 1454
f 1968 1400 1426
f 1925 1345 1400
f 1881 1301 1345
f 1846 1278 1301
f 1826 1252 1278
f 1807 1228 1252
f 1806 1227 1228
f 1808 1236 1227
f 1818 1251 1236
f 1859 1262 1251
f 1858 1300 1262
f 1900 1344 1300
f 1943 1399 1344
f 1899 1427 1399
f 1880 1302 1427
f 1898 1303 1302
f 1924 1346 1303
f 1942 1365 1346
f 1967 1401 1365
f 2022 1455 1401
f 2082 1522 1455
f 2118 1559 1522
f 2183 1616 1559
f 2226 1666 1616
f 2181 1667 1666
f 2149 1618 1667
f 2116 1592 1618
f 2078 1561 1592
f 2052 1525 1561
f 2051 1488 1525
f 2050 1489 1488
f 2115 1619 1489
f 2114 1562 1619
f 2113 1563 1562
f 2077 1564 1563
f 2076 1490 1564
f 2049 1456 1490
f 2021 1428 1456
f 1995 1402 1428
f 1966 1366 1402
f 1941 1347 1366
f 1923 1348 1347
f 1860 1325 1348
o mesh38
f 1298 1745 1738
f 1297 1748 1745
f 1322 1751 1748
f 1341 1758 1751
f 1362 1762 1758
f 1396 1769 1762
f 1452 1785 1769
f 1486 1819 1785
f 1520 1837 1819
f 1557 1883 1837
f 1588 1945 1883
f 1643 1946 1945
f 1644 2054 1946
f 1663 2185 2054
f 1664 2206 2185
f 1689 2228 2206
f 1697 2245 2228
f 1698 2227 2245
f 1690 2205 2227
f 1678 2184 2205
f 1665 2151 2184
f 1645 2119 2151
f 1615 2083 2119
f 1589 2053 2083
f 1558 2024 2053
f 1521 1997 2024
f 1487 1969 1997
f 1453 1944 1969
f 1425 1926 1944
f 1398 1901 1926
f 1364 1882 1901
f 1343 1861 1882
f 1324 1862 1861
f 1325 1860 1862
f 1862 1324 1325
f 1861 1343 1324
f 1882 1364 1343
f 1901 1398 1364
f 1926 1425 1398
f 1944 1453 1425
f 1969 1487 1453
f 1997 1521 1487
f 2024 1558 1521
f 2053 1589 1558
f 2083 1615 1589
f 2119 1645 1615
f 2151 1665 1645
f 2184 1678 1665
f 2205 1690 1678
f 2227 1698 1690
f 2245 1697 1698
f 2228 1689 1697
f 2206 1664 1689
f 2185 1663 1664
f 2054 1644 1663
f 1946 1643 1644
f 1945 1588 1643
f 1883 1557 1588
f 1837 1520 1557
f 1819 1486 1520
f 1785 1452 1486
f 1769 1396 1452
f 1762 1362 1396
f 1758 1341 1362
f 1751 1322 1341
f 1748 1297 1322
f 1745 1298 1297
f 1738 1277 1298
o mesh39
f 1376 1868 1867
f 1414 1866 1868
f 1440 1884 1866
f 1470 1904 1884
f 1509 1927 1904
f 1541 1947 1927
f 1576 1970 1947
f 1606 1999 1970
f 1632 2026 1999
f 1656 2055 2026
f 1673 2085 2055
f 1685 2121 2085
f 1694 2152 2121
f 1695 2120 2152
f 1686 2084 2120
f 1674 2025 2084
f 1657 1998 2025
f 1633 1903 1998
f 1577 1902 1903
f 1542 1864 1902
f 1510 1865 1864
f 1578 1863 1865
f 1543 1847 1863
f 1511 1827 1847
f 1471 1809 1827
f 1441 1793 1809
f 1415 1780 1793
f 1377 1770 1780
f 1378 1761 1770
f 1397 1757 1761
f 1363 1750 1757
f 1342 1747 1750
f 1323 1744 1747
f 1299 1742 1744
f 1288 1739 1742
f 1276 1740 1739
f 1277 1738 1740
f 1740 1276 1277
f 1739 1288 1276
f 1742 1299 1288
f 1744 1323 1299
f 1747 1342 1323
f 1750 1363 1342
f 1757 1397 1363
f 1761 1378 1397
f 1770 1377 1378
f 1780 1415 1377
f 1793 1441 1415
f 1809 1471 1441
f 1827 1511 1471
f 1847 1543 1511
f 1863 1578 1543
f 1865 1510 1578
f 1864 1542 1510
f 1902 1577 1542
f 1903 1633 1577
f 1998 1657 1633
f 2025 1674 1657
f 2084 1686 1674
f 2120 1695 1686
f 2152 1694 1695
f 2121 1685 1694
f 2085 1673 1685
f 2055 1656 1673
f 2026 1632 1656
f 1999 1606 1632
f 1970 1576 1606
f 1947 1541 1576
f 1927 1509 1541
f 1904 1470 1509
f 1884 1440 1470
f 1866 1414 1440
f 1868 1376 1414
f 1867 1413 1376
o mesh40
f 1413 1867 2266
f 2266 1702 1413
o mesh41
f 1702 2266 2265
f 2265 1699 1702
o mesh42
f 1699 2265 1828
f 1828 1257 1699
o mesh43
f 1372 1973 1950
f 1374 1949 1973
f 1411 1972 1949
f 1438 2001 1972
f 1468 2028 2001
f 1508 2057 2028
f 1539 2087 2057
f 1574 2123 2087
f 1603 2153 2123
f 1631 2188 2153
f 1654 2208 2188
f 1671 2229 2208
f 1672 2207 2229
f 1655 2187 2207
f 1605 2186 2187
f 1604 2122 2186
f 1575 2086 2122
f 1540 2056 2086
f 1469 2027 2056
f 1439 2000 2027
f 1412 1971 2000
f 1375 1948 1971
f 1351 1928 1948
f 1329 1905 1928
f 1308 1885 1905
f 1291 1869 1885
f 1281 1848 1869
f 1255 1830 1848
f 1222 1796 1830
f 1231 1794 1796
f 1223 1795 1794
f 1232 1810 1795
f 1242 1820 1810
f 1256 1829 1820
f 1257 1828 1829
f 1829 1256 1257
f 1820 1242 1256
f 1810 1232 1242
f 1795 1223 1232
f 1794 1231 1223
f 1796 1222 1231
f 1830 1255 1222
f 1848 1281 1255
f 1869 1291 1281
f 1885 1308 1291
f 1905 1329 1308
f 1928 1351 1329
f 1948 1375 1351
f 1971 1412 1375
f 2000 1439 1412
f 2027 1469 1439
f 2056 1540 1469
f 2086 1575 1540
f 2122 1604 1575
f 2186 1605 1604
f 2187 1655 1605
f 2207 1672 1655
f 2229 1671 1672
f 2208 1654 1671
f 2188 1631 1654
f 2153 1603 1631
f 2123 1574 1603
f 2087 1539 1574
f 2057 1508 1539
f 2028 1468 1508
f 2001 1438 1468
f 1972 1411 1438
f 1949 1374 1411
f 1973 1372 1374
f 1950 1373 1372
o mesh44
f 1506 2004 2003
f 1466 2031 2004
f 1435 2059 2031
f 1410 2090 2059
f 1371 2060 2090
f 1350 2061 2060
f 1328 2032 2061
f 1307 2005 2032
f 1290 1974 2005
f 1268 1951 1974
f 1267 1906 1951
f 1266 1907 1906
f 1254 1908 1907
f 1241 1886 1908
f 1230 1870 1886
f 1221 1849 1870
f 1211 1838 1849
f 1207 1831 1838
f 1206 1811 1831
f 1199 1797 1811
f 1196 1786 1797
f 1191 1787 1786
f 1190 1781 1787
f 1184 1788 1781
f 1181 1777 1788
f 1176 1771 1777
f 1173 1764 1771
f 1172 1759 1764
f 1171 1752 1759
f 1170 1753 1752
f 1169 1749 1753
f 1168 1746 1749
f 1167 1743 1746
f 1166 1741 1743
f 1165 1737 1741
f 1164 1736 1737
f 1163 1735 1736
f 1162 1734 1735
f 1161 1733 1734
f 1160 1732 1733
f 1159 1731 1732
f 1158 1729 1731
f 1157 1728 1729
f 1155 1727 1728
f 1154 1726 1727
f 1153 1725 1726
f 1152 1724 1725
f 1151 1723 1724
f 1150 1722 1723
f 1149 1721 1722
f 1148 1720 1721
f 1147 1719 1720
f 1146 1718 1719
f 1145 1717 1718
f 1144 1716 1717
f 1143 1715 1716
f 1142 1714 1715
f 1141 1713 1714
f 1140 1711 1713
f 1139 1710 1711
f 1137 1707 1710
f 1136 1708 1707
f 1135 1709 1708
f 1138 1712 1709
f 1156 1730 1712
f 1189 1798 1730
f 1536 2124 1798
f 1600 2157 2124
f 1628 2190 2157
f 1630 2189 2190
f 1629 2210 2189
f 1652 2211 2210
f 1670 2209 2211
f 1653 2155 2209
f 1601 2156 2155
f 1602 2154 2156
f 1507 2058 2154
f 1437 2029 2058
f 1436 2002 2029
f 1467 2030 2002
f 1538 2088 2030
f 1537 2089 2088
f 1373 1950 2089
f 2089 1537 1373
f 2088 1538 1537
f 2030 1467 1538
f 2002 1436 1467
f 2029 1437 1436
f 2058 1507 1437
f 2154 1602 1507
f 2156 1601 1602
f 2155 1653 1601
f 2209 1670 1653
f 2211 1652 1670
f 2210 1629 1652
f 2189 1630 1629
f 2190 1628 1630
f 2157 1600 1628
f 2124 1536 1600
f 1798 1189 1536
f 1730 1156 1189
f 1712 1138 1156
f 1709 1135 1138
f 1708 1136 1135
f 1707 1137 1136
f 1710 1139 1137
f 1711 1140 1139
f 1713 1141 1140
f 1714 1142 1141
f 1715 1143 1142
f 1716 1144 1143
f 1717 1145 1144
f 1718 1146 1145
f 1719 1147 1146
f 1720 1148 1147
f 1721 1149 1148
f 1722 1150 1149
f 1723 1151 1150
f 1724 1152 1151
f 1725 1153 1152
f 1726 1154 1153
f 1727 1155 1154
f 1728 1157 1155
f 1729 1158 1157
f 1731 1159 1158
f 1732 1160 1159
f 1733 1161 1160
f 1734 1162 1161
f 1735 1163 1162
f 1736 1164 1163
f 1737 1165 1164
f 1741 1166 1165
f 1743 1167 1166
f 1746 1168 1167
f 1749 1169 1168
f 1753 1170 1169
f 1752 1171 1170
f 1759 1172 1171
f 1764 1173 1172
f 1771 1176 1173
f 1777 1181 1176
f 1788 1184 1181
f 1781 1190 1184
f 1787 1191 1190
f 1786 1196 1191
f 1797 1199 1196
f 1811 1206 1199
f 1831 1207 1206
f 1838 1211 1207
f 1849 1221 1211
f 1870 1230 1221
f 1886 1241 1230
f 1908 1254 1241
f 1907 1266 1254
f 1906 1267 1266
f 1951 1268 1267
f 1974 1290 1268
f 2005 1307 1290
f 2032 1328 1307
f 2061 1350 1328
f 2060 1371 1350
f 2090 1410 1371
f 2059 1435 1410
f 2031 1466 1435
f 2004 1506 1466
f 2003 1535 1506
o mesh45
f 1535 2003 2256
f 2256 1692 1535
o mesh46
f 1692 2256 2255
f 2255 1693 1692
o mesh47
f 1693 2255 1856
f 1856 1318 1693
o mesh48
f 1482 2013 1984
f 1517 2042 2013
f 1586 2043 2042
f 1587 2104 2043
f 1613 2138 2104
f 1641 2174 2138
f 1661 2201 2174
f 1676 2224 2201
f 1688 2223 2224
f 1677 2200 2223
f 1662 2173 2200
f 1642 2137 2173
f 1614 2103 2137
f 1395 1917 2103
f 1340 1877 1917
f 1275 1824 1877
f 1250 1816 1824
f 1249 1803 1816
f 1248 1804 1803
f 1261 1823 1804
f 1296 1835 1823
f 1321 1844 1835
f 1361 1854 1844
f 1360 1916 1854
f 1451 1935 1916
f 1485 1958 1935
f 1519 1982 1958
f 1556 2011 1982
f 1555 2040 2011
f 1518 2041 2040
f 1484 2012 2041
f 1450 1983 2012
f 1424 1959 1983
f 1394 1936 1959
f 1359 1918 1936
f 1339 1893 1918
f 1320 1878 1893
f 1319 1855 1878
f 1318 1856 1855
f 1855 1319 1318
f 1878 1320 1319
f 1893 1339 1320
f 1918 1359 1339
f 1936 1394 1359
f 1959 1424 1394
f 1983 1450 1424
f 2012 1484 1450
f 2041 1518 1484
f 2040 1555 1518
f 2011 1556 1555
f 1982 1519 1556
f 1958 1485 1519
f 1935 1451 1485
f 1916 1360 1451
f 1854 1361 1360
f 1844 1321 1361
f 1835 1296 1321
f 1823 1261 1296
f 1804 1248 1261
f 1803 1249 1248
f 1816 1250 1249
f 1824 1275 1250
f 1877 1340 1275
f 1917 1395 1340
f 2103 1614 1395
f 2137 1642 1614
f 2173 1662 1642
f 2200 1677 1662
f 2223 1688 1677
f 2224 1676 1688
f 2201 1661 1676
f 2174 1641 1661
f 2138 1613 1641
f 2104 1587 1613
f 2043 1586 1587
f 2042 1517 1586
f 2013 1482 1517
f 1984 1483 1482
o mesh49
f 1483 1984 2264
f 2264 1703 1483
o mesh50
f 1703 2264 2263
f 2263 1700 1703
o mesh51
f 1700 2263 2254
f 2254 1696 1700
o mesh52
f 1658 2203 1938
f 1659 2202 2203
f 1675 2225 2202
f 1687 2244 2225
f 1696 2254 2244
f 2244 1687 1696
f 2225 1675 1687
f 2202 1659 1675
f 2203 1658 1659
f 1938 1312 1658
o mesh53
f 1637 2222 2099
f 1636 2221 2222
f 1639 2220 2221
f 1638 2251 2220
f 1546 2261 2251
f 1608 2270 2261
f 1609 2243 2270
f 1610 2242 2243
f 1660 2241 2242
f 1582 2176 2241
f 1547 2143 2176
f 1478 2074 2143
f 1477 2073 2074
f 1418 2017 2073
f 1383 1990 2017
f 1382 1989 1990
f 1384 1988 1989
f 1385 1964 1988
f 1355 1921 1964
f 1311 1879 1921
f 1284 1845 1879
f 1259 1825 1845
f 1235 1805 1825
f 1216 1779 1805
f 1201 1768 1779
f 1193 1760 1768
f 1183 1756 1760
f 1179 1754 1756
f 1180 1755 1754
f 1186 1763 1755
f 1198 1776 1763
f 1205 1784 1776
f 1209 1792 1784
f 1226 1817 1792
f 1245 1836 1817
f 1271 1857 1836
f 1294 1894 1857
f 1335 1939 1894
f 1386 1987 1939
f 1479 2072 1987
f 1512 2105 2072
f 1513 2106 2105
f 1548 2142 2106
f 1583 2175 2142
f 1611 2141 2175
f 1549 2140 2141
f 1550 2139 2140
f 1514 2044 2139
f 1389 1960 2044
f 1358 1961 1960
f 1357 1962 1961
f 1388 1985 1962
f 1421 2014 1985
f 1447 2071 2014
f 1446 2045 2071
f 1445 2046 2045
f 1420 2015 2046
f 1419 2016 2015
f 1387 1986 2016
f 1356 1963 1986
f 1336 1937 1963
f 1314 1919 1937
f 1313 1920 1919
f 1312 1938 1920
f 1920 1313 1312
f 1919 1314 1313
f 1937 1336 1314
f 1963 1356 1336
f 1986 1387 1356
f 2016 1419 1387
f 2015 1420 1419
f 2046 1445 1420
f 2045 1446 1445
f 2071 1447 1446
f 2014 1421 1447
f 1985 1388 1421
f 1962 1357 1388
f 1961 1358 1357
f 1960 1389 1358
f 2044 1514 1389
f 2139 1550 1514
f 2140 1549 1550
f 2141 1611 1549
f 2175 1583 1611
f 2142 1548 1583
f 2106 1513 1548
f 2105 1512 1513
f 2072 1479 1512
f 1987 1386 1479
f 1939 1335 1386
f 1894 1294 1335
f 1857 1271 1294
f 1836 1245 1271
f 1817 1226 1245
f 1792 1209 1226
f 1784 1205 1209
f 1776 1198 1205
f 1763 1186 1198
f 1755 1180 1186
f 1754 1179 1180
f 1756 1183 1179
f 1760 1193 1183
f 1768 1201 1193
f 1779 1216 1201
f 1805 1235 1216
f 1825 1259 1235
f 1845 1284 1259
f 1879 1311 1284
f 1921 1355 1311
f 1964 1385 1355
f 1988 1384 1385
f 1989 1382 1384
f 1990 1383 1382
f 2017 1418 1383
f 2073 1477 1418
f 2074 1478 1477
f 2143 1547 1478
f 2176 1582 1547
f 2241 1660 1582
f 2242 1610 1660
f 2243 1609 1610
f 2270 1608 1609
f 2261 1546 1608
f 2251 1638 1546
f 2220 1639 1638
f 2221 1636 1639
f 2222 1637 1636
f 2099 1287 1637
o mesh54
f 1551 2219 2218
f 1584 2250 2219
f 1612 2260 2250
f 1640 2259 2260
f 1585 2235 2259
f 1481 2167 2235
f 1391 2067 2167
f 1393 2066 2067
f 1392 2096 2066
f 1423 2097 2096
f 1449 2132 2097
f 1516 2194 2132
f 1554 2216 2194
f 1553 2236 2216
f 1515 2217 2236
f 1480 2195 2217
f 1448 2168 2195
f 1422 2133 2168
f 1390 2098 2133
f 1315 1955 2098
f 1286 1931 1955
f 1272 1913 1931
f 1247 1890 1913
f 1246 1874 1890
f 1260 1889 1874
f 1285 1932 1889
f 1316 1979 1932
f 1337 2008 1979
f 1338 1978 2008
f 1317 1954 1978
f 1295 1930 1954
f 1274 1929 1930
f 1273 1912 1929
f 1287 2099 1912
f 1912 1273 1287
f 1929 1274 1273
f 1930 1295 1274
f 1954 1317 1295
f 1978 1338 1317
f 2008 1337 1338
f 1979 1316 1337
f 1932 1285 1316
f 1889 1260 1285
f 1874 1246 1260
f 1890 1247 1246
f 1913 1272 1247
f 1931 1286 1272
f 1955 1315 1286
f 2098 1390 1315
f 2133 1422 1390
f 2168 1448 1422
f 2195 1480 1448
f 2217 1515 1480
f 2236 1553 1515
f 2216 1554 1553
f 2194 1516 1554
f 2132 1449 1516
f 2097 1423 1449
f 2096 1392 1423
f 2066 1393 1392
f 2067 1391 1393
f 2167 1481 1391
f 2235 1585 1481
f 2259 1640 1585
f 2260 1612 1640
f 2250 1584 1612
f 2219 1551 1584
f 2218 1552 1551
o mesh55
f 1552 2218 2036
f 2036 1334 1552
o mesh56
f 1406 1581 2238
f 1607 2252 2238
f 1635 2262 2252
f 1634 2271 2262
f 1580 2253 2271
f 1545 2239 2253
f 1444 2169 2239
f 1443 2170 2169
f 1476 2171 2170
f 1475 2196 2171
f 1474 2197 2196
f 1579 2198 2197
f 1544 2240 2198
f 1330 2039 2240
f 1258 1915 2039
f 1224 1853 1915
f 1204 1822 1853
f 1192 1791 1822
f 1178 1775 1791
f 1177 1766 1775
f 1174 1767 1766
f 1175 1765 1767
f 1182 1778 1765
f 1185 1783 1778
f 1197 1802 1783
f 1200 1815 1802
f 1208 1834 1815
f 1212 1843 1834
f 1233 1876 1843
f 1243 1892 1876
f 1269 1934 1892
f 1282 1957 1934
f 1292 1981 1957
f 1309 2010 1981
f 1352 2070 2010
f 1379 2102 2070
f 1416 2136 2102
f 1442 2172 2136
f 1472 2199 2172
f 1473 2135 2199
f 1417 2101 2135
f 1380 2038 2101
f 1331 2009 2038
f 1310 1956 2009
f 1283 1914 1956
f 1234 1875 1914
f 1214 1842 1875
f 1213 1841 1842
f 1215 1852 1841
f 1225 1891 1852
f 1244 1933 1891
f 1270 1980 1933
f 1293 2069 1980
f 1353 2134 2069
f 1381 2100 2134
f 1354 2068 2100
f 1333 2037 2068
f 1332 2035 2037
f 1334 2036 2035
f 2035 1332 1334
f 2037 1333 1332
f 2068 1354 1333
f 2100 1381 1354
f 2134 1353 1381
f 2069 1293 1353
f 1980 1270 1293
f 1933 1244 1270
f 1891 1225 1244
f 1852 1215 1225
f 1841 1213 1215
f 1842 1214 1213
f 1875 1234 1214
f 1914 1283 1234
f 1956 1310 1283
f 2009 1331 1310
f 2038 1380 1331
f 2101 1417 1380
f 2135 1473 1417
f 2199 1472 1473
f 2172 1442 1472
f 2136 1416 1442
f 2102 1379 1416
f 2070 1352 1379
f 2010 1309 1352
f 1981 1292 1309
f 1957 1282 1292
f 1934 1269 1282
f 1892 1243 1269
f 1876 1233 1243
f 1843 1212 1233
f 1834 1208 1212
f 1815 1200 1208
f 1802 1197 1200
f 1783 1185 1197
f 1778 1182 1185
f 1765 1175 1182
f 1767 1174 1175
f 1766 1177 1174
f 1775 1178 1177
f 1791 1192 1178
f 1822 1204 1192
f 1853 1224 1204
f 1915 1258 1224
f 2039 1330 1258
f 2240 1544 1330
f 2198 1579 1544
f 2197 1474 1579
f 2196 1475 1474
f 2171 1476 1475
f 2170 1443 1476
f 2169 1444 1443
f 2239 1545 1444
f 2253 1580 1545
f 2271 1634 1580
f 2262 1635 1634
f 2252 1607 1635
f 2238 1581 1607
f 2238 2237 1406
o mesh57
f 1406 2237 2278
f 2278 1706 1406
o mesh58
f 1706 2278 2277
f 2277 1705 1706
o mesh59
f 1705 2277 2249
f 2249 1407 1705
